,firm,date,size,turnout,PP,PSOE,IU–UPeC,Podemos,UPyD,ERC–CatSí,CiU,C's,Vox,Amaiur logo.svg,PNV,eQuo,Compromís,/wiki/Galician_Nationalist_Bloc,CC,PA,FAC,GBai,PRC,Més,CUP,NCa,CDC,unio.cat,lead
0,2015 general election,20 Dec 2015,,69.7,28.7123,22.090,3.72,20.769,0.60,2.49,–,13.940,0.20,0.92,1.26,w.Ps,w.Ps,0.30,0.31,–,w.PP,0.10,–,0.10,–,w.PSOE,2.28,0.30,6.7
1,TNS Demoscopia/RTVE[p 1][p 2],20 Dec 2015,177100,?,26.8114/118,20.581/85,4.13/4,21.776/80,1.10,2.59/11,–,15.247/50,–,1.03/4,1.14/5,w.Ps,w.Ps,0.30,0.30/1,–,w.PP,0.20/1,–,0.20,–,w.PSOE,1.76/7,0.30,5.1
2,Redondo & Asociados[p 3],19 Dec 2015,1790,?,29.3124,20.783,3.31,19.563,0.30,1.76,–,16.653,–,1.26,1.46,w.Ps,w.Ps,0.30,0.41,–,w.PP,0.10,–,–,–,w.PSOE,1.87,–,8.6
3,GESOP/El Periòdic[p 4],19 Dec 2015,950,75–77,26.6112/116,20.176/80,4.01/3,21.580/84,–,–,–,15.345/49,–,–,–,w.Ps,w.Ps,–,–,–,w.PP,–,–,–,–,w.PSOE,–,–,5.1
4,GESOP/El Periòdic[p 5],18 Dec 2015,800,75–77,26.6111/115,20.882/86,4.42/4,20.170/74,–,–,–,15.547/51,–,–,–,w.Ps,w.Ps,–,–,–,w.PP,–,–,–,–,w.PSOE,–,–,5.8
5,GAD3/Antena 3[p 6],18 Dec 2015,7000,74,28.1121/124,20.479/83,4.32/4,21.170/74,–,2.78/9,–,14.946/50,–,0.92/4,1.35/6,w.Ps,w.Ps,–,0.30/1,–,w.PP,0.10/1,–,–,–,w.PSOE,1.85/7,–,7.0
6,GESOP/El Periòdic[p 7],17 Dec 2015,750,74–76,25.8107/111,21.484/88,3.82/4,20.471/75,–,–,–,16.050/54,–,–,–,w.Ps,w.Ps,–,–,–,w.PP,–,–,–,–,w.PSOE,–,–,4.4
7,GESOP/El Periòdic[p 8],16 Dec 2015,700,74–76,26.2108/112,21.083/87,3.72/4,20.471/75,–,–,–,15.950/54,–,–,–,w.Ps,w.Ps,–,–,–,w.PP,–,–,–,–,w.PSOE,–,–,5.2
8,GESOP/El Periòdic[p 9],15 Dec 2015,650,?,25.4106/110,20.681/85,4.53/5,19.666/70,–,–,–,16.354/58,–,–,–,w.Ps,w.Ps,–,–,–,w.PP,–,–,–,–,w.PSOE,–,–,4.8
9,GESOP/El Periòdic[p 10],14 Dec 2015,700,?,25.4104/108,20.981/85,4.83/5,19.063/67,–,–,–,17.257/61,–,–,–,w.Ps,w.Ps,–,–,–,w.PP,–,–,–,–,w.PSOE,–,–,4.5
10,GAD3/Antena 3[p 11],14 Dec 2015,3200,?,28.6120/125,21.079/82,3.93/4,17.952/55,–,2.38,–,17.660/63,–,1.15,1.36,w.Ps,w.Ps,–,0.40/1,–,w.PP,–,–,–,–,w.PSOE,2.49,–,7.6
11,Encuestamos[p 12],14 Dec 2015,2000,?,26.9116/120,22.987/91,4.01/5,18.657/61,–,2.28/11,–,17.045/49,–,1.15/7,1.45/6,w.Ps,w.Ps,?0/2,?1/2,–,w.PP,?0/1,–,–,–,w.PSOE,1.98/10,–,4.0
12,GIPEyOP[p 13],14 Dec 2015,17195,?,24.5106,21.381,3.83,19.968,0.90,3.212,–,16.556,–,1.25,1.25,w.Ps,w.Ps,0.50,0.52,–,w.PP,0.21,0.21,–,–,w.PSOE,2.710,0.30,3.2
13,JM&A/Público[p 14],13 Dec 2015,?,74.6,27.7120,18.670,3.11,18.061,0.30,2.18,–,20.168,–,1.05,1.36,w.Ps,w.Ps,0.50,0.51,–,w.PP,0.20,0.21,–,–,w.PSOE,2.39,–,7.6
14,TNS Demoscopia/Antena 3[p 15][p 16],13 Dec 2015,1017,?,28.9,18.9,4.8,17.3,–,–,–,20.0,–,–,–,w.Ps,w.Ps,–,–,–,w.PP,–,–,–,–,w.PSOE,–,–,8.9
15,GESOP/El Periódico[p 17][p 18],12 Dec 2015,800,?,25.2103/107,20.880/84,?3/5,18.459/63,–,–,–,18.060/64,–,–,–,w.Ps,w.Ps,–,–,–,w.PP,–,–,–,–,w.PSOE,–,–,4.4
16,NC Report/La Razón[p 19][p 20],12 Dec 2015,3000,75.8,29.9125/128,22.088/92,3.31,16.349/51,0.30,2.08,–,17.855/62,0.40,1.16,1.06,w.Ps,w.Ps,0.41,0.31,–,w.PP,0.11,–,–,–,w.PSOE,1.97,0.62,7.9
17,Celeste-Tel/eldiario.es[p 21][p 22],11 Dec 2015,1100,72.7,28.1115/123,22.785/92,3.51/3,17.047/53,0.40,2.07/8,–,18.153/61,0.60,1.15/6,1.25/6,w.Ps,w.Ps,0.40/1,0.31,–,w.PP,0.20/1,–,0.10,–,w.PSOE,2.07/8,–,5.4
18,Invymark/laSexta[p 23][p 24],11 Dec 2015,?,?,29.0,18.9,3.6,17.2,0.1,–,–,18.9,–,–,–,w.Ps,w.Ps,–,–,–,w.PP,–,–,–,–,w.PSOE,–,–,10.1
19,Demoscopia Servicios/esRadio[p 25][p 26],11 Dec 2015,1500,?,28.8123,19.772,2.71,17.959,0.20,?7,–,19.970,–,–,–,w.Ps,w.Ps,–,–,–,w.PP,–,–,–,–,w.PSOE,1.27,–,8.9
20,Simple Lógica[p 27],11 Dec 2015,1005,70.3,27.0,18.2,5.2,17.2,0.6,–,–,20.9,–,–,0.7,w.Ps,w.Ps,–,–,–,w.PP,–,–,–,–,w.PSOE,2.0,–,6.1
21,Hamalgama–Ágora Integral[p 28],11 Dec 2015,1206,?,26.5100/120,22.780/90,3.24/6,18.145/60,0.50,2.08/11,–,20.360/80,–,1.14/6,1.14/6,w.Ps,w.Ps,–,0.20/1,–,w.PP,–,–,–,–,w.PSOE,1.77/9,–,3.8
22,GAD3/ABC[p 29][p 30],11 Dec 2015,7300,77,28.3117/124,21.283/85,4.13/5,17.650/53,0.30,2.38,–,18.159/63,–,1.15,1.36,w.Ps,w.Ps,0.30,0.41,–,w.PP,0.10,–,–,–,w.PSOE,2.49,0.20,7.1
23,Metroscopia/El País[p 31][p 32][p 33],10 Dec 2015,2800,79,25.3105/112,21.085/94,5.01/3,19.155/64,–,–,–,18.253/67,–,–,–,w.Ps,w.Ps,–,–,–,w.PP,–,–,–,–,w.PSOE,–,–,4.3
24,IBES/Última Hora[p 34],10 Dec 2015,1800,?,27.7113/117,20.586/90,4.35/7,16.242/48,0.30,2.18/9,–,19.865/69,–,1.15/7,1.14/6,w.Ps,w.Ps,0.40/1,0.30/1,–,w.PP,0.20/1,–,–,–,w.PSOE,2.18/9,0.50/1,7.2
25,MyWord/Cadena SER[p 35][p 36],9 Dec 2015,1500,?,26.5114/118,21.782/86,4.03/4,17.051/57,1.00,–,–,18.661/66,–,–,–,w.Ps,w.Ps,–,–,–,w.PP,–,–,–,–,w.PSOE,–,–,4.8
26,Sigma Dos/El Mundo[p 37][p 38],9 Dec 2015,8350,?,27.2114/119,20.376/81,3.73/5,18.456/60,–,2.59,–,19.662/69,–,1.14,1.25,w.Ps,w.Ps,–,?0/1,–,w.PP,–,–,–,–,w.PSOE,2.49,–,6.9
27,Redondo & Asociados[p 39][p 40],9 Dec 2015,1500,?,28.3120,20.880,3.31,16.650,–,1.98,–,19.873,–,1.24,1.46,w.Ps,w.Ps,–,0.41,–,w.PP,0.10,–,–,–,w.PSOE,1.87,–,7.5
28,DYM/El Confidencial[p 41],9 Dec 2015,1012,?,26.7,17.0,6.3,19.1,–,–,–,23.2,–,–,–,w.Ps,w.Ps,–,–,–,w.PP,–,–,–,–,w.PSOE,–,–,3.5
29,Infortécnica[p 42][p 43],9 Dec 2015,2114,?,?110/120,?70/76,?2/6,?57/63,–,–,–,?66/72,–,–,–,w.Ps,w.Ps,–,–,–,w.PP,–,–,–,–,w.PSOE,–,–,?
30,Encuestamos[p 44],7 Dec 2015,1800,?,26.7,24.9,4.9,16.4,–,2.2,–,16.2,–,1.0,1.5,w.Ps,w.Ps,–,–,–,w.PP,–,–,–,–,w.PSOE,1.9,–,1.8
31,JM&A/Público[p 45],6 Dec 2015,?,70.1,26.6118,18.875,3.11,16.651,0.30,2.08,–,21.275,–,1.04,1.26,w.Ps,w.Ps,0.50,0.51,–,w.PP,0.20,0.21,–,–,w.PSOE,2.210,–,5.4
32,TNS Demoscopia/Antena 3[p 46][p 47],6 Dec 2015,1035,?,27.9,20.4,4.3,15.1,–,–,–,21.9,–,–,–,w.Ps,w.Ps,–,–,–,w.PP,–,–,–,–,w.PSOE,–,–,6.0
33,Sondaxe/La Voz de Galicia[p 48][p 49],4 Dec 2015,1000,?,27.8124,19.478,3.61,18.256,–,2.16,–,19.963,–,0.74,1.27,w.Ps,w.Ps,?0,?0,–,w.PP,?1,–,?1,–,w.PSOE,3.09,–,7.9
34,Celeste-Tel/eldiario.es[p 50],4 Dec 2015,1100,71.7,28.2118/121,23.190/93,3.82/3,16.246/51,0.30,1.97/8,–,18.861/67,0.60,1.05/6,1.25/6,w.Ps,w.Ps,0.40/1,0.31,–,w.PP,0.21,–,0.10,–,w.PSOE,2.07/8,–,5.1
35,Invymark/laSexta[p 51][p 52],4 Dec 2015,?,?,28.9,19.9,3.5,16.0,0.2,–,–,18.7,–,–,–,w.Ps,w.Ps,–,–,–,w.PP,–,–,–,–,w.PSOE,–,–,9.0
36,A+M/20minutos[p 53],4 Dec 2015,5000,73.8,28.1112/116,21.078/82,3.82,15.153/54,–,1.89,–,21.070/72,–,1.46/7,1.45,w.Ps,w.Ps,–,0.11,–,w.PP,–,–,–,–,w.PSOE,1.67/8,–,7.1
37,NC Report/La Razón[p 54][p 55],4 Dec 2015,1500,74.6,29.8126/133,22.789/92,3.73,15.640/45,0.30,2.07/8,–,17.855/62,0.40,1.05,1.26,w.Ps,w.Ps,0.31,0.42,–,w.PP,0.21,–,–,–,w.PSOE,2.18/9,0.62,7.1
38,Sigma Dos/Mediaset[p 56][p 57],3 Dec 2015,1800,?,27.5117/121,19.470/74,4.03/4,17.248/52,–,2.08/9,–,21.675/79,–,–,1.0?,w.Ps,w.Ps,–,–,–,w.PP,–,–,–,–,w.PSOE,2.08/9,–,5.9
39,GAD3/ABC[p 58][p 59],3 Dec 2015,5700,76,28.2120/123,21.585/87,3.71/3,16.651/52,0.30,2.28,–,17.959/63,–,1.15,1.55,w.Ps,w.Ps,0.20,0.41,–,w.PP,0.10,–,–,–,w.PSOE,2.59,0.20,6.7
40,Encuestamos[p 60],1 Dec 2015,1800,?,26.5,25.2,5.3,16.3,–,2.2,–,15.8,–,1.1,1.4,w.Ps,w.Ps,0.6,0.4,–,w.PP,–,–,–,–,w.PSOE,1.9,–,1.3
41,Redondo & Asociados[p 61][p 62],1 Dec 2015,1500,?,28.1114,21.584,3.92,15.348,–,2.18,–,20.274,–,1.14,1.36,w.Ps,w.Ps,–,0.52,–,w.PP,0.22,–,–,–,w.PSOE,2.07,–,6.6
42,TNS Demoscopia/Antena 3[p 63][p 64],29 Nov 2015,1033,?,27.1,20.0,4.0,15.5,0.3,–,–,21.6,–,–,–,w.Ps,w.Ps,–,–,–,w.PP,–,–,–,–,w.PSOE,–,–,5.5
43,GESOP/El Periódico[p 65][p 66],28 Nov 2015,1816,?,23.998/102,21.482/86,4.94/6,16.052/56,–,2.79/11,–,21.076/80,–,–,–,w.Ps,w.Ps,–,–,–,w.PP,–,–,–,–,w.PSOE,2.07/8,–,2.5
44,Celeste-Tel/eldiario.es[p 67],27 Nov 2015,1100,?,28.1118/121,23.995/98,3.62/3,15.339/44,0.40,1.98/9,–,18.657/61,0.70,1.05/6,1.25/6,w.Ps,w.Ps,0.50/1,0.41/2,–,w.PP,0.21,–,0.10,–,w.PSOE,1.98/9,0.50/1,4.2
45,Invymark/laSexta[p 68][p 69],27 Nov 2015,1200,?,29.5,20.8,3.4,14.3,0.2,–,–,18.0,–,–,–,w.Ps,w.Ps,–,–,–,w.PP,–,–,–,–,w.PSOE,–,–,8.7
46,NC Report/La Razón[p 70][p 71],27 Nov 2015,3000,74.0,29.3125/130,23.191/95,3.53,15.642/46,0.30,2.07/8,–,17.452/55,0.40,0.95,1.26,w.Ps,w.Ps,0.31,0.42,–,w.PP,0.21,–,–,–,w.PSOE,2.18/9,0.62,6.2
47,Sigma Dos/El Mundo[p 72][p 73][p 74],26 Nov 2015,1500,?,27.1111/115,20.278/79,3.83/5,16.243/45,–,2.28/9,–,23.082/84,–,–,1.15/6,w.Ps,w.Ps,–,–,–,w.PP,–,–,–,–,w.PSOE,2.28/9,–,4.1
48,Demoscopia Servicios/esRadio[p 75][p 76],26 Nov 2015,1500,?,28.3117,21.283,4.12,15.548,0.20,2.18,–,19.972,–,1.14,1.36,w.Ps,w.Ps,–,?2,–,w.PP,?1,–,–,–,w.PSOE,2.07,–,7.1
49,GAD3/ABC[p 77][p 78],26 Nov 2015,4300,74.5,28.3125,23.191,4.03,14.941,0.30,2.59,–,17.459,–,1.35,1.45,w.Ps,w.Ps,0.20,0.41,–,w.PP,0.21,–,–,–,w.PSOE,2.59,0.21,5.2
50,Metroscopia/El País[p 79][p 80],25 Nov 2015,1200,78,22.7,22.5,5.2,17.1,–,–,–,22.6,–,–,–,w.Ps,w.Ps,–,–,–,w.PP,–,–,–,–,w.PSOE,–,–,0.1
51,Encuestamos[p 81],24 Nov 2015,1800,?,26.6,25.4,6.2,16.0,–,2.1,–,15.1,–,0.9,1.4,w.Ps,w.Ps,0.6,0.4,–,w.PP,–,–,–,–,w.PSOE,1.9,–,1.2
52,Deimos Estadística[p 82],22 Nov 2015,?,?,25.0111,21.788,5.06,16.847,–,2.710,–,20.262,–,1.67,1.66,w.Ps,w.Ps,0.51,0.52,–,w.PP,0.21,–,–,–,w.PSOE,2.28,0.71,3.3
53,TNS Demoscopia/Antena 3[p 83],22 Nov 2015,1018,?,27.4,20.6,4.3,14.3,0.2,–,–,21.3,–,–,–,w.Ps,w.Ps,–,–,–,w.PP,–,–,–,–,w.PSOE,–,–,6.1
54,Celeste-Tel/eldiario.es[p 84],20 Nov 2015,1100,71.4,27.5115/118,23.997/100,3.42/3,15.136/42,0.40,1.87/8,–,18.959/63,0.70,1.05/6,1.25/6,w.Ps,w.Ps,0.50/1,0.41/2,–,w.PP,0.21,–,0.10,–,w.PSOE,2.08/9,0.60/1,3.6
55,JM&A/Público[p 85],19 Nov 2015,?,69.9,27.2121,18.776,4.24,15.946,0.50,2.711,–,19.570,–,1.25,1.36,w.Ps,w.Ps,–,0.52,–,w.PP,0.20,0.21,0.21,–,w.PSOE,2.28,–,7.7
56,GAD3/ABC[p 86][p 87],19 Nov 2015,3000,75,28.5129,22.893,4.42,15.644,0.20,2.610,–,16.452,–,1.35,1.55,w.Ps,w.Ps,0.20,0.30,–,w.PP,0.21,–,–,–,w.PSOE,2.29,0.20,5.7
57,Encuestamos[p 88],17 Nov 2015,1800,?,26.2,25.7,6.8,15.4,–,1.9,–,15.0,–,1.0,1.5,w.Ps,w.Ps,–,–,–,w.PP,–,–,–,–,w.PSOE,2.1,–,0.5
58,Simple Lógica[p 89],16 Nov 2015,1746,74.5,26.5,20.4,4.5,16.9,0.6,–,–,21.9,–,–,0.9,w.Ps,w.Ps,–,–,–,w.PP,–,–,–,–,w.PSOE,1.6,–,4.6
59,CIS[p 90][p 91],16 Nov 2015,17452,?,28.6120/128,20.877/89,3.63/4,15.745/49,0.70,1.97,–,19.063/66,–,1.26/7,1.15,w.Ps,w.Ps,0.30,0.31,–,w.PP,0.10,–,–,–,w.PSOE,2.20,0.10,7.8
60,TNS Demoscopia/Antena 3[p 92][p 93],15 Nov 2015,1018,?,26.4,20.5,5.1,14.2,0.4,–,–,20.4,–,–,–,w.Ps,w.Ps,–,–,–,w.PP,–,–,–,–,w.PSOE,–,–,5.9
61,Sigma Dos/Mediaset[p 94][p 95],13 Nov 2015,?,?,27.3112/115,20.377/79,4.75/6,15.742/44,–,–,–,21.473/75,–,–,–,w.Ps,w.Ps,–,–,–,w.PP,–,–,–,–,w.PSOE,–,–,5.9
62,Invymark/laSexta[p 68][p 96],13 Nov 2015,?,?,28.5,22.2,3.2,14.0,0.2,–,–,18.2,–,–,–,w.Ps,w.Ps,–,–,–,w.PP,–,–,–,–,w.PSOE,–,–,6.7
63,Celeste-Tel/eldiario.es[p 97],13 Nov 2015,1100,71.2,27.1114/118,23.897/101,3.52/3,14.633/39,0.40,1.77/8,–,19.563/68,0.70,1.05/6,1.35/6,w.Ps,w.Ps,0.50/1,0.41/2,–,w.PP,0.21,–,0.10,–,w.PSOE,2.18/9,0.60/1,3.3
64,GAD3/ABC[p 98][p 99],12 Nov 2015,3100,75,27.9127,22.189,4.95,13.737,0.40,2.59,–,17.956,–,1.46,1.66,w.Ps,0.92,0.41,0.41,–,w.PP,0.21,–,–,–,w.PSOE,2.29,0.31,5.8
65,Sondaxe/La Voz de Galicia[p 100],9 Nov 2015,1000,?,29.4,19.3,3.7,15.2,0.6,1.6,–,20.9,–,0.6,1.1,w.Ps,–,0.3,0.3,–,w.PP,–,–,–,–,w.PSOE,2.7,–,8.5
66,IBES/Última Hora[p 101],8 Nov 2015,2508,?,27.4118,20.393,4.46,15.040,0.50,3.110,–,18.058,0.30,1.26,1.06,w.Ps,0.52,0.40,0.21,–,w.PP,0.10,–,0.10,0.30,w.PSOE,2.89,0.20,7.1
67,TNS Demoscopia/Antena 3[p 102][p 103],8 Nov 2015,1014,?,26.3,19.6,4.7,15.0,0.6,–,–,20.2,–,–,–,w.Ps,–,–,–,–,w.PP,–,–,–,–,w.PSOE,–,–,6.1
68,Celeste-Tel/eldiario.es[p 104][p 105],6 Nov 2015,1100,71.1,26.4118/122,24.0102/104,4.24/5,10.826/30,0.60,1.76/7,–,21.158/62,0.70,1.16/7,1.35/6,w.Ps,1.14,0.71/2,0.41/2,–,w.PP,0.21,0.20,0.10/1,–,w.PSOE,2.39/10,0.61,2.4
69,Demoscopia Servicios/esRadio[p 106][p 107],6 Nov 2015,1800,?,29.0123,22.391,5.38,13.432,0.60,?7,–,18.164,–,–,?6,–,–,–,–,–,–,–,–,–,–,–,2.49,–,6.7
70,JM&A/Público[p 108],4 Nov 2015,?,68.3,28.0125,18.272,3.72,14.844,0.30,1.98,–,19.768,–,1.36,1.36,–,0.91,–,0.62,–,–,0.21,0.21,0.21,–,–,3.013,–,8.3
71,GAD3/ABC[p 109][p 110],4 Nov 2015,3300,75.5,28.1128,22.489,4.65,13.235,0.20,2.510,–,17.755,–,1.45,1.66,–,0.92,0.52,0.52,–,–,0.21,–,–,–,–,2.49,0.31,5.7
72,TNS Demoscopia/Antena 3[p 111][p 112],1 Nov 2015,1010,?,26.7,19.3,4.4,15.4,0.4,–,–,19.8,–,–,–,–,–,–,–,–,–,–,–,–,–,–,–,–,6.9
73,GAD3/ABC[p 113][p 114],29 Oct 2015,2800,75.5,27.8128,22.188,4.45,13.937,0.20,2.69,–,17.555,–,1.45,1.66,–,0.92,0.62,0.52,–,–,0.21,–,–,0.41,–,2.69,–,5.7
74,Metroscopia/El País[p 115][p 116],28 Oct 2015,1400,77,23.593/100,21.088/98,6.35,17.042/46,–,–,–,22.572/84,–,–,–,–,–,–,–,–,–,–,–,–,–,–,–,–,1.0
75,MyWord/Cadena SER[p 117][p 118],26 Oct 2015,1001,?,26.3,21.6,3.1,14.9,1.0,–,–,18.6,–,–,–,–,–,–,–,–,–,–,–,–,–,–,–,–,4.7
76,DYM/El Confidencial[p 119],26 Oct 2015,1002,?,27.0,18.2,6.1,13.8,–,–,–,20.3,–,–,–,–,–,–,–,–,–,–,–,–,–,–,–,–,6.7
77,Encuestamos[p 120],26 Oct 2015,1800,?,23.5,26.3,7.7,15.4,–,2.0,–,15.2,–,0.9,1.4,–,–,–,–,–,–,–,–,–,–,–,2.3,–,2.8
78,TNS Demoscopia/Antena 3[p 121][p 122],25 Oct 2015,1009,?,26.0,20.5,4.4,14.6,0.5,–,–,19.2,–,–,–,–,–,–,–,–,–,–,–,–,–,–,–,–,5.5
79,Invymark/laSexta[p 123],23 Oct 2015,?,?,28.6,23.9,3.0,13.5,0.1,–,–,18.3,–,–,–,–,–,–,–,–,–,–,–,–,–,–,–,–,4.7
80,JM&A/Público[p 124],22 Oct 2015,?,71.1,27.4120,22.994,3.72,14.539,0.30,1.67,–,17.759,–,1.15,1.26,–,0.71,–,0.62,–,–,0.21,0.31,–,0.81,–,2.912,–,4.5
81,Demoscopia Servicios/13TV[p 125],22 Oct 2015,1500,?,29.5127,24.192,4.54,13.741,–,1.66,–,16.657,–,1.04,1.36,–,?1,–,?1,–,–,?1,–,–,–,–,2.510,–,5.4
82,GAD3/ABC[p 126][p 127],19 Oct 2015,2600,75.5,27.7128,21.884,4.14,14.139,0.30,2.59,–,17.656,–,1.56,1.66,–,0.91,0.62,0.52,–,0.20,0.21,–,–,0.61,–,2.711,–,5.9
83,TNS Demoscopia/Antena 3[p 128][p 129],18 Oct 2015,1050,?,26.7,21.3,4.2,14.3,0.7,–,–,18.1,–,–,–,–,–,–,–,–,–,–,–,–,–,–,–,–,5.4
84,NC Report/La Razón[p 130][p 131],17 Oct 2015,1500,69.8,31.3125/130,24.9109/112,4.13/5,10.323/25,0.40,1.96/7,–,15.432/38,0.40,1.15/6,1.37/8,–,1.13/4,0.61/2,0.41/2,–,0.30/1,0.21,–,–,–,–,2.29/10,0.61/2,6.4
85,Sigma Dos/Mediaset[p 132][p 133],15 Oct 2015,1800,?,27.4,23.7,4.1,16.3,–,2.0,–,18.1,–,–,1.5,–,–,–,–,–,–,–,–,–,–,–,2.2,–,3.7
86,NC Report[p 134],15 Oct 2015,?,?,30.9,24.5,4.0,12.4,–,–,–,14.9,–,–,–,–,–,–,–,–,–,–,–,–,–,–,–,–,6.4
87,CIS[p 135][p 136][p 137],12 Oct 2015,2493,?,29.1130,25.3109,4.75,10.825,1.20,2.28,–,14.748,–,1.2?,0.7?,–,1.4?,0.5?,0.6?,–,0.1?,0.1?,–,–,–,–,2.911,0.10,3.8
88,TNS Demoscopia/Antena 3[p 138][p 139],11 Oct 2015,1072,?,26.9,21.0,4.3,14.2,0.7,–,–,17.8,–,–,–,–,–,–,–,–,–,–,–,–,–,–,–,–,5.9
89,Invymark/laSexta[p 140],9 Oct 2015,?,?,27.6,24.6,2.0,16.1,0.1,2.6,–,17.2,–,–,1.4,–,–,–,–,–,–,–,–,–,–,–,2.8,–,3.0
90,Simple Lógica[p 141],9 Oct 2015,1047,70.0,28.0,20.3,6.2,11.9,0.7,–,–,22.6,–,–,0.3,–,–,–,–,–,–,–,–,–,–,–,1.7,–,5.4
91,Metroscopia/El País[p 142][p 143],8 Oct 2015,1200,77,23.4,23.5,5.6,14.1,–,–,–,21.5,–,–,–,–,–,–,–,–,–,–,–,–,–,–,–,–,0.1
92,Celeste-Tel/eldiario.es[p 144][p 145],7 Oct 2015,1100,70.8,28.9121/125,27.1106/108,4.44/5,10.120/23,0.50,1.56/7,–,16.256/59,0.50,1.06/7,1.35/6,0.80,1.03,0.71/2,0.41/2,–,0.20,0.21,0.20,0.20/1,0.61/2,0.21/2,2.08/9,0.70/1,1.8
93,TNS Demoscopia/Antena 3[p 146],4 Oct 2015,1040,?,27.0,21.9,4.5,14.8,0.7,–,–,16.5,–,–,–,–,–,–,–,–,–,–,–,–,–,–,–,–,5.1
94,Demoscopia Servicios/esRadio[p 147][p 148],2 Oct 2015,1000,?,30.4139,26.5111,4.47,16.736,0.30,?6,–,12.327,–,–,?6,–,–,–,–,–,–,–,–,–,–,–,2.28,–,3.9
95,NC Report/La Razón[p 149][p 150],2 Oct 2015,1500,69.1,33.8136/139,24.8108/112,4.23/5,11.226/27,0.40,2.07/8,–,11.726/28,–,1.25/6,1.27/8,–,1.23/4,0.61/2,0.41/2,–,0.30/1,0.21,–,–,–,–,2.59/10,0.40/1,9.0
96,Intercampo/GETS[p 151],2 Oct 2015,2321,?,25.0–28.0,29.0–32.0,4.0–6.0,16.0–18.0,0.1–0.3,2.0–4.0,–,11.0–15.0,–,–,1.4–2.0,–,–,–,–,–,–,–,–,–,–,–,0.7–1.5,–,4.0
97,JM&A/Público[p 152],1 Oct 2015,?,69.8,28.3124,22.796,3.72,15.048,0.50,1.88,–,15.442,–,0.93,1.26,–,1.13,–,0.63,–,–,0.31,0.21,–,0.82,–,3.111,–,5.6
98,TNS Demoscopia/Antena 3[p 153][p 154],27 Sep 2015,1060,?,27.9,23.0,4.2,15.9,0.8,–,–,14.0,–,–,–,–,–,–,–,–,–,–,–,–,–,–,–,–,4.9
99,Podemos[p 155],24 Sep 2015,1738,?,27.0–29.0,19.0–21.0,3.0–4.0,19.0–21.0,–,–,–,19.0–21.0,–,–,–,–,–,–,–,–,–,–,–,–,–,–,–,–,8.0
100,Encuestamos[p 156],24 Sep 2015,1600,?,26.2,26.1,6.1,17.9,–,2.1,–,11.0,–,0.8,1.5,–,–,–,–,–,–,–,–,–,–,–,2.5,–,0.1
101,TNS Demoscopia/Antena 3[p 157],20 Sep 2015,1054,?,28.6,22.5,4.8,16.2,0.7,–,–,13.7,–,–,–,–,–,–,–,–,–,–,–,–,–,–,–,–,6.1
102,TNS Demoscopia/Antena 3[p 158][p 159],13 Sep 2015,1040,?,29.0,22.0,4.2,16.5,0.8,–,–,13.2,–,–,–,–,–,–,–,–,–,–,–,–,–,–,–,–,7.0
103,Metroscopia/El País[p 160][p 161][p 162],11 Sep 2015,1800,73,23.4,24.6,5.0,18.6,0.9,–,–,16.1,–,–,–,–,–,–,–,–,–,–,–,–,–,–,–,–,1.2
104,Demoscopia Servicios/esRadio[p 163][p 164],11 Sep 2015,1800,?,31.7153,25.6102,3.95,18.241,0.40,?5,–,10.518,–,–,?6,–,–,–,–,–,–,–,–,–,–,–,2.39,–,6.1
105,Simple Lógica[p 141][p 165],9 Sep 2015,?,?,28.0,19.1,5.0,16.1,1.5,–,–,19.6,–,–,1.1,–,–,–,–,–,–,–,–,–,–,–,2.8,–,8.4
106,Celeste-Tel/eldiario.es[p 166][p 167],7 Sep 2015,1100,66.8,32.0134/137,27.4116/120,4.62/4,12.231/36,0.60,1.68/9,–,10.017/19,0.50,1.15/6,1.35/7,0.80,1.13/5,0.81/2,0.41/2,–,0.20/1,0.21,0.20,0.20/1,0.51/2,0.21/2,2.110/11,0.62/3,4.6
107,TNS Demoscopia/Antena 3[p 168][p 169],6 Sep 2015,1096,?,28.6,22.5,3.9,16.0,1.0,–,–,12.7,–,–,–,–,–,–,–,–,–,–,–,–,–,–,–,–,6.1
108,Sondaxe/La Voz de Galicia[p 170],5 Sep 2015,1000,?,31.5118,22.785,3.714,16.361,0.52,1.66,–,11.844,–,0.83,1.14,–,–,0.52,0.31,–,–,–,–,–,–,–,2.49,–,8.8
109,JM&A/Público[p 171],30 Aug 2015,?,69.8,29.5127,22.493,3.32,16.756,0.60,1.88,–,12.733,–,0.93,1.26,–,1.13,–,0.63,–,–,0.21,0.31,–,0.82,–,3.112,–,7.1
110,TNS Demoscopia/Antena 3[p 172][p 173],30 Aug 2015,1118,?,28.5,22.8,4.2,16.2,0.9,–,–,12.3,–,–,–,–,–,–,–,–,–,–,–,–,–,–,–,–,5.7
111,NC Report/La Razón[p 174][p 175],29 Aug 2015,900,67.3,32.1138/141,24.9107/114,4.44/5,12.130/32,1.00/1,1.77/8,–,10.421/23,–,1.15,1.35,–,1.52/3,0.61/2,0.41/2,–,0.31,0.21,–,–,–,–,2.38/9,0.93/4,7.2
112,MyWord/Cadena SER[p 176][p 177],27 Aug 2015,1001,?,28.3,25.9,2.6,15.4,1.5,–,–,11.3,–,–,–,–,–,–,–,–,–,–,–,–,–,–,–,–,2.4
113,TNS Demoscopia/Antena 3[p 178][p 179],23 Aug 2015,1112,?,27.3,22.6,4.5,16.3,0.9,–,–,13.2,–,–,–,–,–,–,–,–,–,–,–,–,–,–,–,–,4.7
114,Encuestamos[p 180],23 Aug 2015,1500,?,27.5,26.0,5.7,19.4,–,1.9,–,8.6,–,1.1,1.6,–,–,–,–,–,–,–,–,–,–,–,2.1,0.4,1.5
115,TNS Demoscopia/Antena 3[p 181][p 182],16 Aug 2015,1086,?,27.0,22.9,4.5,16.5,0.8,–,–,12.9,–,–,–,–,–,–,–,–,–,–,–,–,–,–,–,–,4.1
116,Simple Lógica[p 183],11 Aug 2015,1022,72.2,29.9,21.4,5.4,16.5,1.2,–,–,17.1,–,–,1.0,–,–,–,–,–,–,–,–,–,–,–,1.2,–,8.5
117,TNS Demoscopia/Antena 3[p 184][p 185],9 Aug 2015,1080,?,26.4,22.4,4.7,16.8,1.0,–,–,13.4,–,–,–,–,–,–,–,–,–,–,–,–,–,–,–,–,4.0
118,Celeste-Tel/eldiario.es[p 186],7 Aug 2015,1100,66.3,31.4135/137,27.6118/121,4.62/4,11.930/34,0.80,1.68/9,–,9.918/20,0.60,0.95/6,1.15/7,0.90,1.23/4,0.71/2,0.41/2,0.50,0.20/1,0.21,0.20,0.20,0.41/2,0.21/2,2.08/9,0.62/3,3.8
119,TNS Demoscopia/Antena 3[p 187],2 Aug 2015,1075,?,25.7,22.9,5.0,16.9,1.2,–,–,13.6,–,–,–,–,–,–,–,–,–,–,–,–,–,–,–,–,2.8
120,TNS Demoscopia/Antena 3[p 188][p 189],26 Jul 2015,920,?,26.8,23.0,4.0,17.6,1.2,–,–,13.7,–,–,–,–,–,–,–,–,–,–,–,–,–,–,–,–,3.8
121,Demoscopia Servicios/esRadio[p 190][p 191],24 Jul 2015,1800,?,30.5142,25.198,3.34,19.356,0.70,?6,–,10.617,–,–,?6,–,–,–,–,–,–,–,–,–,–,–,2.510,–,5.4
122,Sigma Dos/Mediaset[p 192][p 193],23 Jul 2015,1800,?,28.8,24.2,4.2,20.3,–,2.1,–,11.1,–,–,1.3,–,–,–,–,–,–,–,–,–,–,–,2.1,–,4.6
123,Metroscopia/El País[p 194],22 Jul 2015,1000,72,23.1,23.5,5.6,18.1,0.3,–,–,16.0,–,–,–,–,–,–,–,–,–,–,–,–,–,–,–,–,0.4
124,Encuestamos[p 195],20 Jul 2015,1450,?,26.0,25.4,4.1,21.1,–,2.4,–,9.2,–,1.0,1.8,–,1.8,0.9,0.5,–,–,–,–,–,1.1,–,2.9,0.3,0.6
125,TNS Demoscopia/Antena 3[p 196][p 197],19 Jul 2015,910,?,27.1,22.6,2.9,18.6,0.8,–,–,13.5,–,–,–,–,–,–,–,–,–,–,–,–,–,–,–,–,4.5
126,NC Report[p 198],16 Jul 2015,955,?,31.7,24.8,4.5,12.3,–,–,–,11.0,–,–,–,–,–,–,–,–,–,–,–,–,–,–,–,–,6.9
127,TNS Demoscopia/Antena 3[p 199],12 Jul 2015,1000,?,26.1,22.2,2.8,19.1,0.9,–,–,13.6,–,–,–,–,–,–,–,–,–,–,–,–,–,–,–,–,3.9
128,Invymark/laSexta[p 200][p 201],10 Jul 2015,1200,?,27.7,23.3,2.0,21.9,0.2,2.8,–,11.5,–,–,1.4,–,–,–,–,–,–,–,–,–,–,–,2.6,–,4.4
129,CIS[p 202][p 203][p 204],9 Jul 2015,2486,?,28.2126,24.9105,3.72,15.753,1.3?,2.18,–,11.126,–,1.13,1.36,–,1.2?,0.7?,0.4?,–,0.0?,0.5?,–,–,–,–,3.314,–,3.3
130,Simple Lógica[p 205],9 Jul 2015,1040,71.5,26.2,23.1,5.4,14.9,0.5,–,–,18.4,–,–,1.0,–,–,–,–,–,–,–,–,–,–,–,1.4,–,3.1
131,GAD3/ABC[p 206],8 Jul 2015,1000,71,29.1131,25.5106,3.62,15.041,0.30,2.39,–,12.132,–,1.36,1.25,–,0.92,0.62,0.62,–,–,0.21,–,–,–,–,2.711,–,3.6
132,Celeste-Tel/eldiario.es[p 207][p 208],7 Jul 2015,1100,66.0,30.7133/135,27.4118/123,4.83/5,13.333/37,1.00,1.78/9,–,10.220/21,0.60,0.95/6,1.15/7,0.80,1.23/4,0.71/2,0.41/2,0.50,0.20/1,0.21,0.20,0.20,0.41/2,0.21/2,1.87/8,0.62/3,3.3
133,TNS Demoscopia/Antena 3[p 209],5 Jul 2015,?,?,26.0,22.8,2.9,19.2,0.8,–,–,12.5,–,–,–,–,–,–,–,–,–,–,–,–,–,–,–,–,3.2
134,Metroscopia/El País[p 210][p 211],2 Jul 2015,1000,72,23.0,22.5,4.0,21.5,0.5,–,–,15.0,–,–,–,–,–,–,–,–,–,–,–,–,–,–,–,–,0.5
135,TNS Demoscopia/Antena 3[p 209],28 Jun 2015,?,?,26.9,22.6,3.0,19.3,1.5,–,–,11.7,–,–,–,–,–,–,–,–,–,–,–,–,–,–,–,–,4.3
136,NC Report/La Razón[p 212][p 213],27 Jun 2015,900,66.9,31.2136/144,24.4108/116,4.44/6,12.530/33,1.10/1,1.87/8,–,11.625/27,–,1.15,1.25,–,1.53,0.51,0.31,–,0.31,0.21,–,–,–,–,2.28/9,0.72/3,6.8
137,Invymark/laSexta[p 214][p 215],26 Jun 2015,1200,?,25.9,23.0,1.9,23.0,0.4,2.7,–,13.2,–,–,1.4,–,–,–,–,–,–,–,–,–,–,–,2.6,–,2.9
138,Demoscopia Servicios/esRadio[p 216][p 217],26 Jun 2015,1800,?,29.2131,24.492,2.82,20.265,0.60,1.66,2.612,11.823,–,1.05,1.26,–,0.73,0.40,0.73,–,0.31,0.21,–,–,–,–,w.CiU,w.CiU,4.8
139,Encuestamos[p 218],23 Jun 2015,1450,?,25.7,25.2,4.3,21.4,–,2.2,2.9,9.8,–,1.1,1.6,–,1.9,0.9,0.6,–,–,–,–,–,1.0,–,w.CiU,w.CiU,0.5
140,TNS Demoscopia/Antena 3[p 209],21 Jun 2015,?,?,26.6,22.0,3.3,19.7,1.9,–,–,12.8,–,–,–,–,–,–,–,–,–,–,–,–,–,–,w.CiU,w.CiU,4.6
141,JM&A/Público[p 219],19 Jun 2015,?,?,26.8118,22.795,3.92,17.158,0.60,?7,?11,14.743,–,?3,?5,–,–,–,–,–,–,–,–,–,–,–,w.CiU,w.CiU,3.3
142,Sigma Dos/Mediaset[p 220][p 221][p 222],17 Jun 2015,1800,?,27.0,26.1,4.1,20.2,–,2.5,2.5,10.3,–,–,1.5,–,–,–,–,–,–,–,–,–,–,–,w.CiU,w.CiU,0.9
143,TNS Demoscopia/Antena 3[p 223][p 224],14 Jun 2015,1087,?,23.8,21.1,4.4,19.2,1.0,–,–,15.5,–,–,–,–,–,–,–,–,–,–,–,–,–,–,w.CiU,w.CiU,2.7
144,Simple Lógica[p 205],10 Jun 2015,1026,?,23.8,19.4,4.1,23.3,0.6,–,1.3,17.3,–,–,1.3,–,–,–,–,–,–,–,–,–,–,–,w.CiU,w.CiU,0.5
145,NC Report/La Razón[p 225][p 226],6 Jun 2015,900,66.6,29.7134/144,24.2106/108,4.95/7,12.128/30,1.40/1,1.97/9,2.510/12,11.628/30,–,1.05,1.35,–,1.42/3,0.51,0.31,–,0.31,0.21,–,–,–,–,w.CiU,w.CiU,5.5
146,Celeste-Tel/eldiario.es[p 227][p 228],5 Jun 2015,1100,65.9,30.1134/138,27.2118/125,4.74/6,13.231/35,1.00,1.98/9,2.610/11,10.520/22,0.70,1.04/5,1.15/6,0.70,1.33,0.71/2,0.41/2,0.60,0.20/1,0.21,0.20,0.20,0.20,0.21/2,w.CiU,w.CiU,2.9
147,Metroscopia/El País[p 229][p 230],2 Jun 2015,2000,72,24.5,23.0,4.1,21.5,0.4,–,–,13.0,–,–,–,–,–,–,–,–,–,–,–,–,–,–,w.CiU,w.CiU,1.5
148,Invymark/laSexta[p 231][p 232],29 May 2015,1200,?,25.4,22.0,2.5,21.9,0.8,2.8,2.6,15.2,–,–,1.4,–,–,–,–,–,–,–,–,–,–,–,w.CiU,w.CiU,3.4
149,2015 local elections,24 May 2015,,64.8,27.0,25.0,4.9,–,1.0,2.3,3.0,6.6,–,1.4,1.6,–,1.7,0.8,0.7,0.7,0.3,0.1,0.3,0.2,1.0,0.3,w.CiU,w.CiU,2.0
150,JM&A/Público[p 233],18 May 2015,?,?,?115,?94,?3,?59,?0,?8,?12,?45,–,?4,?6,–,–,–,–,–,–,–,–,–,–,–,w.CiU,w.CiU,?
151,JM&A/Público[p 234],13 May 2015,?,65.3,25.7111,22.493,3.72,17.764,0.60,?8,?12,15.346,–,?4,?6,–,–,–,–,–,–,–,–,–,–,–,w.CiU,w.CiU,3.3
152,Simple Lógica[p 205],12 May 2015,1064,?,25.9,19.2,3.9,18.6,1.7,–,2.0,18.9,–,–,1.3,–,–,–,–,–,–,–,–,–,–,–,w.CiU,w.CiU,6.7
153,Encuestamos[p 235],12 May 2015,1000,?,23.0,24.3,4.8,20.7,0.7,2.6,2.5,14.9,–,1.0,1.3,–,1.1,1.1,0.5,–,–,–,–,–,0.7,–,w.CiU,w.CiU,1.3
154,Celeste-Tel[p 236],8 May 2015,1100,65.3,29.2132/136,26.6120/123,5.27/8,12.926/32,1.21/2,1.87/8,2.59/10,12.122/25,0.60,1.05/6,1.15/6,0.60,1.02/3,0.71/2,0.62,0.60,0.20/1,0.21,0.20,0.20,0.10,–,w.CiU,w.CiU,2.6
155,NC Report/La Razón[p 237][p 238],25 Apr 2015,900,?,28.6,23.8,6.8,12.9,2.0,–,–,12.0,–,–,–,–,–,–,–,–,–,–,–,–,–,–,w.CiU,w.CiU,4.8
156,MyWord/Cadena SER[p 239][p 240],22 Apr 2015,1000,?,22.0,21.0,3.1,17.9,1.8,–,–,19.4,–,–,–,–,–,–,–,–,–,–,–,–,–,–,w.CiU,w.CiU,1.0
157,Encuestamos[p 241],20 Apr 2015,1000,?,22.9,24.0,4.5,21.2,0.9,3.0,2.8,15.8,–,1.1,1.0,–,–,–,–,–,–,–,–,–,–,–,w.CiU,w.CiU,1.1
158,Invymark/laSexta[p 242],17 Apr 2015,?,?,26.2,21.0,2.9,19.4,1.0,2.7,2.7,17.6,–,–,1.3,–,–,–,–,–,–,–,–,–,–,–,w.CiU,w.CiU,5.2
159,NC Report[p 198],16 Apr 2015,?,?,28.6,23.7,6.6,13.2,–,–,–,11.7,–,–,–,–,–,–,–,–,–,–,–,–,–,–,w.CiU,w.CiU,4.9
160,GESOP/El Periódico[p 243][p 244],13 Apr 2015,1000,?,23.5102/107,19.175/78,3.72/4,20.178/82,1.41/2,1.96/8,2.910/12,17.755/59,–,–,–,–,–,–,–,–,–,–,–,–,–,–,w.CiU,w.CiU,3.4
161,Simple Lógica[p 245],13 Apr 2015,1059,67.4,21.3,21.1,4.1,21.3,1.2,–,2.0,20.8,–,–,1.3,–,–,–,–,–,–,–,–,–,–,–,w.CiU,w.CiU,Tie
162,CIS[p 246][p 247][p 248],12 Apr 2015,2479,?,25.6112,24.3102,4.8?,16.557,1.9?,2.0?,3.2?,13.841,–,0.9?,0.7?,–,0.8?,0.6?,0.5?,–,0.0?,0.1?,–,–,–,–,w.CiU,w.CiU,1.3
163,Sigma Dos/Mediaset[p 249][p 250],9 Apr 2015,1800,?,26.6,19.7,4.4,20.9,1.1,2.3,2.1,16.6,–,–,1.2,–,–,–,–,–,–,–,–,–,–,–,w.CiU,w.CiU,5.7
164,Metroscopia/El País[p 251][p 252],9 Apr 2015,1000,74,20.8,21.9,5.0,22.1,2.0,–,–,19.4,–,–,–,–,–,–,–,–,–,–,–,–,–,–,w.CiU,w.CiU,0.2
165,Celeste-Tel[p 253],8 Apr 2015,1100,64.6,29.5134/138,26.6120/123,5.17/8,12.825/31,1.31/2,1.87/8,2.49/10,12.122/25,0.60,1.05/6,1.15/6,0.60,0.92/3,0.81/2,0.72,0.60,0.30/1,0.21,0.20,0.10,0.10,–,w.CiU,w.CiU,2.9
166,NC Report/La Razón[p 254][p 255],2 Apr 2015,900,65.6,29.7136/142,23.599/107,6.08/10,14.135/41,2.42/3,2.18/9,2.711/12,10.521/27,–,0.95,1.25,–,0.72,0.41,0.42,–,0.41,0.11,–,–,–,–,w.CiU,w.CiU,6.2
167,Intercampo/GETS[p 256],29 Mar 2015,2024,65–80,26.0–27.0,27.0–28.0,4.0–5.0,21.0–22.0,1.0–1.5,1.5–2.5,1.5–2.0,10.0–11.0,–,–,1.0–1.5,–,–,–,–,–,–,–,–,–,–,–,w.CiU,w.CiU,1.0
168,Invymark/laSexta[p 257][p 258],27 Mar 2015,1200,?,26.4,20.3,3.0,20.8,1.6,–,–,14.8,–,–,–,–,–,–,–,–,–,–,–,–,–,–,w.CiU,w.CiU,5.6
169,Encuestamos[p 259],26 Mar 2015,900,?,23.7,23.6,3.8,21.7,2.5,2.1,3.1,14.7,–,1.3,1.2,–,–,–,–,–,–,–,–,–,–,–,w.CiU,w.CiU,0.1
170,Simple Lógica[p 260],13 Mar 2015,1058,70.5,23.0,18.7,5.1,21.0,3.2,–,2.4,18.0,–,–,1.3,–,–,–,–,–,–,–,–,–,–,–,w.CiU,w.CiU,2.0
171,MyWord/Cadena SER[p 261][p 262],9 Mar 2015,1000,?,22.0,19.1,2.9,23.4,2.3,–,–,18.8,–,–,–,–,–,–,–,–,–,–,–,–,–,–,w.CiU,w.CiU,1.4
172,Celeste-Tel[p 263],6 Mar 2015,1100,63.6,30.9139/143,26.4118/121,4.98/9,12.222/28,1.31/2,1.97/8,2.48/9,11.720/23,0.50,1.15/6,1.05/6,0.70,0.62,0.81/2,0.72/3,0.60,0.30/1,0.21,0.20,0.10,0.10,–,w.CiU,w.CiU,4.5
173,Metroscopia/El País[p 264][p 265],4 Mar 2015,1000,74.6,18.6,20.2,5.6,22.5,3.6,–,–,18.4,–,–,–,–,–,–,–,–,–,–,–,–,–,–,w.CiU,w.CiU,2.3
174,JM&A/El Español[p 266][p 267],1 Mar 2015,?,68.0,25.9114,18.680,4.34,24.199,3.12,2.08,2.811,9.419,1.10,1.25,1.15,–,0.61,0.30,0.41,–,–,0.20,–,–,0.71,–,w.CiU,w.CiU,1.8
175,Encuestamos[p 268],26 Feb 2015,600,?,25.5,19.9,4.5,25.4,3.8,2.2,3.2,10.1,–,1.4,1.3,–,–,–,–,–,–,–,–,–,–,–,w.CiU,w.CiU,0.1
176,Invymark/laSexta[p 269][p 270],26 Feb 2015,?,?,27.8,21.5,3.8,23.6,4.0,2.8,2.8,6.4,–,–,1.3,–,–,–,–,–,–,–,–,–,–,–,w.CiU,w.CiU,4.2
177,NC Report/La Razón[p 271][p 272],15 Feb 2015,?,65.4,29.3125/136,22.887/91,5.56/9,22.571/74,3.82/4,2.09,2.611,3.37,–,0.84,1.26,–,0.62,0.41,0.42,–,0.31,0.11,–,–,–,–,w.CiU,w.CiU,6.5
178,JM&A/El Español[p 273][p 274],14 Feb 2015,?,65.1,27.1121,19.684,4.55,25.696,3.53,2.39,2.911,4.08,1.20,1.03,1.05,–,0.72,0.30,0.41,–,0.20,0.21,0.20,0.10,0.71,–,w.CiU,w.CiU,1.5
179,Sigma Dos/Mediaset[p 275][p 276],12 Feb 2015,1800,?,29.6,20.1,4.1,25.8,1.8,2.4,2.6,7.3,–,–,1.2,–,–,–,–,–,–,–,–,–,–,–,w.CiU,w.CiU,3.8
180,MyWord/Cadena SER[p 277][p 278],11 Feb 2015,1000,?,22.5,19.5,3.0,24.6,3.3,–,–,13.4,–,–,–,–,–,–,–,–,–,–,–,–,–,–,w.CiU,w.CiU,2.1
181,Simple Lógica[p 279],9 Feb 2015,1058,71.0,26.8,17.8,3.4,29.6,3.6,–,3.0,8.5,–,–,1.0,–,–,–,–,–,–,–,–,–,–,–,w.CiU,w.CiU,2.8
182,Celeste-Tel/eldiario.es[p 280][p 281],6 Feb 2015,1100,59.4,31.8132/139,24.490/93,4.56/8,18.361/64,3.03/4,2.08/9,2.28/9,6.210/11,0.40,1.05/6,1.05/6,0.60,0.62,0.71/2,0.62/3,0.60,0.40/1,0.20/1,0.20,0.10,0.10,w.CC,w.CiU,w.CiU,7.4
183,Demoscopia Servicios/esRadio[p 282][p 283],6 Feb 2015,?,?,28.3133,21.875,4.99,25.378,3.97,–,–,4.510,–,–,–,–,–,–,–,–,–,–,–,–,–,–,w.CiU,w.CiU,3.0
184,Invymark/laSexta[p 284][p 285],6 Feb 2015,1200,?,26.1,20.1,4.3,26.0,5.0,–,–,3.8,–,–,–,–,–,–,–,–,–,–,–,–,–,–,w.CiU,w.CiU,0.1
185,Metroscopia/El País[p 286][p 287],4 Feb 2015,1000,72.0,20.9,18.3,6.5,27.7,4.5,–,–,12.2,–,–,–,–,–,–,–,–,–,–,–,–,–,–,w.CiU,w.CiU,6.8
186,Sigma Dos/Mediaset[p 288][p 289],29 Jan 2015,1000,?,27.1,21.4,4.8,26.3,4.0,2.4,2.5,5.0,–,–,–,–,–,–,–,–,–,–,–,–,–,–,w.CiU,w.CiU,0.8
187,Encuestamos[p 290],23 Jan 2015,?,?,22.0,19.1,6.0,30.2,4.1,2.3,3.8,7.6,–,1.4,1.3,–,–,–,–,–,–,–,–,–,–,–,w.CiU,w.CiU,8.2
188,GAD3/ABC[p 291][p 292],16 Jan 2015,1000,76,29.3132,19.280,3.72,21.189,4.85,1.88,2.811,6.311,–,1.03,1.36,–,1.41,–,–,–,–,–,–,–,–,–,w.CiU,w.CiU,8.2
189,NC Report[p 198],15 Jan 2015,?,?,29.3,23.0,5.4,23.2,–,–,–,3.8,–,–,–,–,–,–,–,–,–,–,–,–,–,–,w.CiU,w.CiU,6.1
190,Sigma Dos/Mediaset[p 293],14 Jan 2015,1800,?,29.4,19.4,4.7,26.2,4.1,2.7,2.7,4.6,–,–,1.1,–,–,–,–,–,–,–,–,–,–,–,w.CiU,w.CiU,3.2
191,Simple Lógica[p 294],14 Jan 2015,1025,68.6,24.5,18.6,4.6,30.8,6.4,–,2.3,5.8,–,–,0.4,–,–,–,–,–,–,–,–,–,–,–,w.CiU,w.CiU,6.3
192,CIS[p 295][p 296][p 297],12 Jan 2015,2481,?,27.3120,22.291,5.26,23.996,4.64,1.66,3.014,3.13,–,1.04,0.73,–,0.6?,0.5?,0.5?,–,0.1?,0.2?,–,–,–,–,w.CiU,w.CiU,3.4
193,PP[p 298][p 299],10 Jan 2015,?,?,28.0–29.0,20.0–21.0,–,24.0–26.0,–,–,–,–,–,–,–,–,–,–,–,–,–,–,–,–,–,–,w.CiU,w.CiU,3.0–4.0
194,Celeste-Tel/eldiario.es[p 300][p 301],9 Jan 2015,1100,60.2,31.1128/135,23.889/92,4.77/9,20.962/65,2.73/4,2.09/10,2.19/10,4.59/10,0.50,1.16/7,1.05/6,0.70,0.62,0.61/2,0.52/3,0.70,0.41,0.20/1,0.20,0.10,0.10,w.CC,w.CiU,w.CiU,7.3
195,Metroscopia/El País[p 302][p 303],8 Jan 2015,1000,71.6,19.2,23.5,5.3,28.2,5.0,–,–,8.1,–,–,–,–,–,–,–,–,–,–,–,–,–,–,w.CiU,w.CiU,4.7
196,MyWord/Cadena SER[p 304][p 305],6 Jan 2015,1001,?,24.6,19.0,3.7,27.5,5.5,2.4,1.9,5.0,–,–,–,–,–,–,–,–,–,–,–,–,–,–,w.CiU,w.CiU,2.9
197,NC Report/La Razón[p 306][p 307],30 Dec 2014,1600,66.1,28.6113/120,23.486/90,5.16/10,23.273/77,3.93/4,2.09/10,2.611/12,2.84/7,–,0.84,1.36,–,?2,?1,?2,–,?1,?1,–,–,–,–,w.CiU,w.CiU,5.2
198,Invymark/laSexta[p 308][p 309],19 Dec 2014,1200,?,25.5,22.0,4.5,25.3,5.2,–,–,3.1,–,–,–,–,–,–,–,–,–,–,–,–,–,–,w.CiU,w.CiU,0.2
199,Sigma Dos/Mediaset[p 310][p 311],18 Dec 2014,1800,?,26.5,18.7,5.3,28.7,4.4,2.8,2.8,3.1,–,–,1.1,–,–,–,–,–,–,–,–,–,–,–,w.CiU,w.CiU,2.2
200,GESOP/El Periódico[p 312][p 313][p 314],15 Dec 2014,1000,?,26.1115/118,19.877/80,4.12/4,25.6101/104,6.58/10,2.28/9,2.99/10,3.83/5,–,–,–,–,–,–,–,–,–,–,–,–,–,–,w.CiU,w.CiU,0.5
201,DYM/El Confidencial[p 315],13 Dec 2014,?,?,26.1,16.7,5.6,29.6,5.9,–,–,4.2,–,–,–,–,–,–,–,–,–,–,–,–,–,–,w.CiU,w.CiU,3.5
202,Simple Lógica[p 294],10 Dec 2014,1039,?,23.1,19.3,5.5,31.1,5.4,–,0.9,–,–,–,0.3,–,–,–,–,–,–,–,–,–,–,–,w.CiU,w.CiU,8.0
203,Celeste-Tel/eldiario.es[p 316][p 317],5 Dec 2014,1100,60.7,29.9125/130,24.189/94,4.910/11,21.760/66,3.25/6,2.19/10,2.09/10,3.98/10,0.50,1.06/7,1.05/6,0.40,0.72/3,0.61/2,0.62/3,0.70,0.41,0.20/1,0.20,0.10,0.10,w.CC,w.CiU,w.CiU,5.8
204,Invymark/laSexta[p 318][p 319],5 Dec 2014,?,?,25.7,21.8,4.6,24.8,5.5,3.1,3.0,2.7,–,–,–,–,–,–,–,–,–,–,–,–,–,–,w.CiU,w.CiU,0.9
205,Sigma Dos/Mediaset[p 320],4 Dec 2014,1000,?,26.5,19.6,4.8,29.1,4.4,2.6,2.6,2.4,–,–,1.0,–,–,–,–,–,–,–,–,–,–,–,w.CiU,w.CiU,2.6
206,Metroscopia/El País[p 321][p 322],3 Dec 2014,1000,73,20.0,27.7,5.6,25.0,4.8,–,–,–,–,–,–,–,–,–,–,–,–,–,–,–,–,–,w.CiU,w.CiU,2.7
207,Sigma Dos/El Mundo[p 323][p 324],19 Nov 2014,1000,?,26.3,20.1,4.2,28.3,4.5,2.8,3.0,2.5,–,1.0,1.1,–,–,–,–,–,–,–,–,–,–,–,w.CiU,w.CiU,2.0
208,JM&A[p 325],14 Nov 2014,?,66.9,27.7123,22.094,5.510,22.080,4.05,2.610,2.912,2.63,1.30,1.03,1.04,–,0.61,0.30,0.41,–,–,0.21,?1,–,0.82,–,w.CiU,w.CiU,5.7
209,Invymark/laSexta[p 326][p 327],14 Nov 2014,?,?,26.0,21.6,5.0,24.7,5.8,3.2,2.9,2.3,–,–,–,–,–,–,–,–,–,–,–,–,–,–,w.CiU,w.CiU,1.3
210,Simple Lógica[p 294],12 Nov 2014,1030,?,25.0,18.2,3.6,31.1,4.7,–,2.3,–,–,–,0.7,–,–,–,–,–,–,–,–,–,–,–,w.CiU,w.CiU,6.1
211,Celeste-Tel/eldiario.es[p 328][p 329],7 Nov 2014,1100,61.6,30.5127/131,24.592/97,4.411/12,21.657/61,3.26/7,2.210/11,1.88/9,4.08/10,0.50,1.06/7,1.05/6,0.50,0.62/3,0.61/2,0.62/3,0.50,0.41,0.10/1,0.20,0.10,0.10,w.CC,w.CiU,w.CiU,6.0
212,DYM/El Confidencial[p 330],6 Nov 2014,985,?,26.9,19.5,7.3,26.3,3.2,–,–,5.6,–,–,–,–,–,–,–,–,–,–,–,–,–,–,w.CiU,w.CiU,0.6
213,Llorente & Cuenca[p 331],31 Oct 2014,?,?,25.1,22.6,8.7,19.5,7.8,–,–,–,–,–,–,–,–,–,–,–,–,–,–,–,–,–,w.CiU,w.CiU,2.5
214,Invymark/laSexta[p 332][p 333],31 Oct 2014,?,?,26.4,20.5,5.4,22.7,6.0,3.4,2.6,–,–,–,–,–,–,–,–,–,–,–,–,–,–,–,w.CiU,w.CiU,3.7
215,Metroscopia/El País[p 334][p 335],29 Oct 2014,1000,70.5,20.7,26.2,3.8,27.7,3.4,–,–,–,–,–,–,–,–,–,–,–,–,–,–,–,–,–,w.CiU,w.CiU,1.5
216,Asturbarómetro/ICNdiario[p 336][p 337],25 Oct 2014,402,?,29.5,23.9,5.8,19.0,5.7,–,–,–,–,–,–,–,–,–,–,–,–,–,–,–,–,–,w.CiU,w.CiU,5.6
217,Invymark/laSexta[p 338][p 339],17 Oct 2014,?,?,28.2,21.4,6.9,18.6,6.2,3.4,2.7,–,–,–,1.2,–,–,–,–,–,–,–,–,–,–,–,w.CiU,w.CiU,6.8
218,Sigma Dos/Mediaset[p 340][p 341],16 Oct 2014,1100,?,28.3,23.7,5.2,24.1,3.7,2.6,2.5,1.8,–,–,1.2,–,–,–,–,–,–,–,–,–,–,–,w.CiU,w.CiU,3.7
219,CIS[p 342][p 343][p 344],13 Oct 2014,2480,?,27.5120,23.9101,4.86,22.587,4.13,2.38,3.815,2.1?,–,0.93,1.04,–,1.1?,0.4?,0.3?,–,0.1?,0.0?,–,–,–,–,w.CiU,w.CiU,3.6
220,Intercampo/GETS[p 345],12 Oct 2014,1724,60–70,20.0–22.0,31.0–34.0,6.0–9.0,21.0–24.0,2.0–3.0,2.5–3.5,1.0–1.5,–,–,–,1.3–1.6,–,–,–,–,–,–,–,–,–,–,–,w.CiU,w.CiU,10.0
221,Simple Lógica[p 294],10 Oct 2014,?,?,29.7,24.6,3.5,23.3,4.2,–,1.3,–,–,–,1.1,–,–,–,–,–,–,–,–,–,–,–,w.CiU,w.CiU,5.1
222,JM&A[p 325],9 Oct 2014,?,60.4,32.6147,21.690,5.59,16.454,5.48,–,–,–,–,–,–,–,–,–,–,–,–,–,–,–,–,–,w.CiU,w.CiU,11.0
223,Celeste-Tel/eldiario.es[p 346][p 347],7 Oct 2014,1100,61.7,32.6137/141,25.490/98,5.413/15,17.142/51,3.46/8,1.98/9,2.310/11,3.67/9,0.50,1.06/7,1.05/6,0.50/1,0.72/3,0.61/2,0.62/3,0.50,0.41,0.10/1,0.20,0.10,0.10,w.CC,w.CiU,w.CiU,7.2
224,Invymark/laSexta[p 348][p 349],3 Oct 2014,?,?,28.6,20.9,7.1,17.9,6.1,3.3,2.8,–,–,–,1.2,–,–,–,–,–,–,–,–,–,–,–,w.CiU,w.CiU,7.7
225,Metroscopia/El País[p 350][p 351],30 Sep 2014,1000,70,30.2,30.9,5.2,13.8,3.4,–,–,–,–,–,–,–,–,–,–,–,–,–,–,–,–,–,w.CiU,w.CiU,0.7
226,Demoscopia Servicios/esRadio[p 352][p 353],26 Sep 2014,?,?,32.7151,24.289,5.212,20.448,4.38,?8,?9,3.15,–,?6,?6,–,–,–,–,–,–,–,–,–,–,–,w.CiU,w.CiU,4.0
227,Invymark/laSexta[p 354][p 355],19 Sep 2014,?,?,29.2,20.7,7.4,17.6,6.0,3.4,2.8,–,–,–,1.2,–,–,–,–,–,–,–,–,–,–,–,w.CiU,w.CiU,8.5
228,NC Report[p 356],12 Sep 2014,955,?,34.2,23.3,5.8,16.5,4.4,–,–,–,–,–,–,–,–,–,–,–,–,–,–,–,–,–,w.CiU,w.CiU,10.9
229,Simple Lógica[p 294],12 Sep 2014,?,?,32.8,20.0,5.5,23.1,5.7,–,1.7,–,–,–,1.0,–,–,–,–,–,–,–,–,–,–,–,w.CiU,w.CiU,9.7
230,Celeste-Tel[p 357],5 Sep 2014,1100,60.1,33.1142/149,24.589/96,4.711/14,16.136/44,4.07/9,2.08/9,2.510/11,3.77/9,0.60,1.16/7,1.05/6,0.50/1,0.92/3,0.61/2,0.62/3,0.50,0.41,0.20/1,0.20,0.10,0.20,w.CC,w.CiU,w.CiU,8.6
231,NC Report/La Razón[p 358][p 359],30 Aug 2014,900,61.3,33.9132/138,23.489/93,5.69/13,15.056/60,4.47/10,2.28/10,2.89/11,2.64/6,0.80,1.26,1.35,–,0.92,0.61/2,1.02,–,0.31,0.21,–,–,–,–,w.CiU,w.CiU,10.5
232,Sigma Dos/El Mundo[p 360][p 361],28 Aug 2014,1000,?,30.1,22.3,4.1,21.2,5.6,3.3,3.0,–,–,1.0,1.0,–,–,–,–,–,–,–,–,–,–,–,w.CiU,w.CiU,7.8
233,Simple Lógica[p 294],8 Aug 2014,1053,?,29.4,16.7,4.1,28.4,5.4,–,1.4,–,–,–,0.8,–,–,–,–,–,–,–,–,–,–,–,w.CiU,w.CiU,1.0
234,Celeste-Tel/eldiario.es[p 362][p 363],24 Jul 2014,1100,59.4,33.8143/151,24.190/94,5.011/15,13.732/37,4.79/11,1.87/8,2.912/13,3.77/9,0.70,1.17/8,1.15/6,0.60/1,0.92/3,0.71/2,0.62/3,0.50,0.51,0.10/1,0.20/1,0.10,0.20,w.CC,w.CiU,w.CiU,9.7
235,Metroscopia/El País[p 364][p 365],24 Jul 2014,1200,71,32.3,31.7,4.9,10.7,3.3,–,–,–,–,–,–,–,–,–,–,–,–,–,–,–,–,–,w.CiU,w.CiU,0.6
236,Invymark/laSexta[p 366],18 Jul 2014,?,?,26.4,22.7,11.2,12.1,7.5,–,–,3.1,–,–,–,–,–,–,–,–,–,–,–,–,–,–,w.CiU,w.CiU,3.7
237,Invymark/laSexta[p 366],11 Jul 2014,?,?,26.5,22.4,11.3,11.8,7.3,–,–,3.0,–,–,–,–,–,–,–,–,–,–,–,–,–,–,w.CiU,w.CiU,4.1
238,CIS[p 367][p 368][p 369],9 Jul 2014,2471,?,30.0142,21.293,8.215,15.352,5.99,3.313,2.912,0.9?,–,1.04,1.05,–,1.4?,0.5?,0.3?,–,0.1?,0.1?,–,–,–,–,w.CiU,w.CiU,8.8
239,Simple Lógica[p 294],8 Jul 2014,1112,?,29.0,15.1,6.2,27.1,7.9,–,1.1,–,–,–,1.6,–,–,–,–,–,–,–,–,–,–,–,w.CiU,w.CiU,1.9
240,Demoscopia Servicios/esRadio[p 370],5 Jul 2014,?,?,30.0,26.0,7.0,12.0,7.0,–,–,–,–,–,–,–,–,–,–,–,–,–,–,–,–,–,w.CiU,w.CiU,4.0
241,Celeste-Tel/eldiario.es[p 371][p 372],5 Jul 2014,1100,58.8,33.5144/149,23.289/92,5.112/15,14.134/37,4.99/12,1.76/7,3.012/13,3.76/8,0.80,1.17/8,1.15/6,0.50/1,0.82/3,0.61/2,0.62/3,0.60,0.51,0.20/1,0.20/1,0.10,0.20/1,w.CC,w.CiU,w.CiU,10.3
242,Simple Lógica[p 294],14 Jun 2014,1035,?,28.8,14.7,6.0,26.7,6.4,–,2.4,–,–,–,1.6,–,–,–,–,–,–,–,–,–,–,–,w.CiU,w.CiU,2.1
243,NC Report[p 373],11 Jun 2014,955,?,34.6,21.9,6.1,16.3,5.3,–,–,–,–,–,–,–,–,–,–,–,–,–,–,–,–,–,w.CiU,w.CiU,12.7
244,Celeste-Tel/eldiario.es[p 374][p 375],6 Jun 2014,1100,57.9,32.4139/142,22.394/98,5.613/15,13.928/32,5.712/14,1.97/8,3.012/13,3.75/6,0.70,1.27/8,1.16/7,0.60/1,0.92/3,0.61/2,0.62/3,0.60,0.51,0.21,0.31,0.21,0.31,w.CC,w.CiU,w.CiU,10.1
245,GESOP/El Periódico[p 376][p 377],31 May 2014,1000,?,25.6125/127,19.487/89,8.115/17,15.156/58,7.813/14,3.311/12,3.412/13,3.53/5,–,–,–,–,–,–,–,–,–,–,–,–,–,–,w.CiU,w.CiU,6.2
246,2014 EP election[p 378],25 May 2014,,43.8,26.1138,23.0105,10.025,8.019,6.510,3.815,3.514,3.24,1.61,1.48,1.47,1.00,0.92,0.50,0.42,0.30,0.20,–,–,–,–,–,w.CiU,w.CiU,3.1
