,firm,date,size,turnout,PSOE,PP,IU,CiU,ERC,PNV,CC,/wiki/Galician_Nationalist_Bloc,CHA,EA,NaBai,/wiki/Unity_for_the_Isles,Aralar,C's,NC,UPyD,lead
0,2008 general election,9 Mar 2008,,73.8,43.9169,39.9154,3.82,3.010,1.23,1.26,0.72,0.82,0.10,0.20,0.21,0.10,0.10,0.20,0.10,1.21,4.0
1,Ipsos/RTVE[p 1][p 2],9 Mar 2008,210000,?,45.0172/176,38.6148/152,3.42/3,3.19/11,1.23/4,1.46/7,0.62,0.81/2,–,?0/1,0.20/1,–,–,–,–,1.11,6.4
2,TNS Demoscopia/Antena 3[p 1][p 2],9 Mar 2008,40000,?,43.3163/166,38.0149/152,5.24/5,3.110,2.36/7,1.67,0.71/2,0.71/2,0.20,0.20/1,0.21,–,–,–,–,1.01/2,5.3
3,Opina/Cadena SER[p 1][p 2],9 Mar 2008,?,?,44.5168/173,37.5145/149,5.04,2.59/10,2.06,1.16/7,0.42,0.81/2,–,–,0.31,–,–,–,–,0.10,7.0
4,Demométrica/Telecinco[p 1][p 3],9 Mar 2008,?,?,44.9172/178,36.9142/147,5.23/5,2.79/11,1.54/5,1.46/7,–,–,–,–,–,–,–,–,–,?0,8.0
5,GESOP/El Periòdic[p 4][p 5],8 Mar 2008,1000,72,43.4166/170,38.1151/155,?4,?10/11,?4/5,?6,–,–,–,–,–,–,–,–,–,–,5.3
6,GESOP/El Periòdic[p 6][p 7],7 Mar 2008,1000,71,43.0162/166,39.0154/158,?3/4,?9/10,?5,?6,–,–,–,–,–,–,–,–,–,–,4.0
7,GESOP/El Periòdic[p 8],6 Mar 2008,1200,70,42.6161/165,38.6153/157,?4,?8/9,?5,?6,–,–,–,–,–,–,–,–,–,–,4.0
8,Sigma Dos/The Times[p 9],5 Mar 2008,1000,74–76,43.1,39.3,4.9,2.9,1.6,1.5,–,–,–,–,–,–,–,–,–,–,3.8
9,GESOP/El Periòdic[p 10],5 Mar 2008,1000,68,42.4159/163,39.0154/158,?4/5,?8/9,?5,?6,–,–,–,–,–,–,–,–,–,–,3.4
10,GESOP/El Periòdic[p 11],4 Mar 2008,600,68,41.5156/160,39.0156/160,?4/6,?8/9,?5/6,?6/7,–,–,–,–,–,–,–,–,–,–,2.5
11,Demo Ibérica/COPE[p 12][p 13],3 Mar 2008,?,70.9,42.1157/160,39.8154/158,?5,?10/11,?6,?7,?2,?2,?0,?1,?1,?1,–,?1,?1,?0/1,2.3
12,Opina/Cadena SER[p 14][p 15][p 16],2 Mar 2008,?,74,43.5,38.0,5.0,2.8,1.6,1.2,–,–,–,–,–,–,–,–,–,–,5.5
13,Demométrica/Telecinco[p 17],2 Mar 2008,3000,?,44.1169/176,38.0146/153,5.24/5,?9/10,?4/5,–,–,–,–,–,–,–,–,–,–,?1,6.1
14,Ipsos/Faro de Vigo[p 18],2 Mar 2008,?,72–74,43.4162/168,38.5148/154,5.35/8,3.010/11,1.95/6,1.67,0.62,0.81/2,0.20,0.31,0.20/1,–,–,–,–,–,4.9
15,Opina/Cadena SER[p 19][p 16],1 Mar 2008,3000,72,44.0164/170,38.0152/154,5.05,2.79/10,1.55,1.26/7,–,–,–,–,–,–,–,–,–,–,6.0
16,Demométrica/Telecinco[p 20],1 Mar 2008,3000,?,44.3,38.0,–,–,–,–,–,–,–,–,–,–,–,–,–,–,6.3
17,Sigma Dos/El Mundo[p 21][p 22][p 23],1 Mar 2008,11000,76–78,43.4157/171,39.3148/161,4.44,3.29/11,1.95/6,1.57,0.72,0.60/2,0.10,0.30/1,0.31,–,–,–,–,0.80/1,4.1
18,Obradoiro de Socioloxía/Público[p 24],1 Mar 2008,7200,?,43.9165/171,39.5153/158,4.84,2.78/9,?4,?7,?1,?0/1,?0,?0,?1,–,?1,–,–,–,4.4
19,Opina/Cadena SER[p 25][p 16],29 Feb 2008,?,?,44.0,38.5,5.0,2.7,1.5,1.2,–,–,–,–,–,–,–,–,–,–,5.5
20,Intereconomía[p 26],29 Feb 2008,?,72,37.6,40.5,5.5,3.4,2.5,1.7,–,–,–,–,–,–,–,–,–,–,2.9
21,Demométrica/Telecinco[p 27],29 Feb 2008,3000,?,44.6,38.2,–,–,–,–,–,–,–,–,–,–,–,–,–,–,6.4
22,Noxa/La Vanguardia[p 28],29 Feb 2008,1200,?,43.5162/167,39.5152/156,4.44/5,2.58/9,1.86,1.36/7,–,–,–,–,–,–,–,–,–,–,4.0
23,Infortécnica[p 29],29 Feb 2008,1945,?,?157/163,?149/155,?5/9,?9/11,?6/8,–,–,–,–,–,–,–,–,–,–,–,?
24,Opina/Cadena SER[p 30][p 16],28 Feb 2008,?,72,44.5,39.5,4.7,2.5,1.5,1.2,–,–,–,–,–,–,–,–,–,–,5.0
25,Demométrica/Telecinco[p 31],28 Feb 2008,3000,?,44.5,38.4,5.1,–,–,–,–,–,–,–,–,–,–,–,–,–,6.1
26,Obradoiro de Socioloxía/Público[p 32][p 33],28 Feb 2008,1810,?,45.0,38.8,4.5,3.1,1.5,1.5,–,–,–,–,–,–,–,–,–,–,6.2
27,DYM/ABC[p 34],28 Feb 2008,1075,?,42.0,40.0,4.1,–,–,–,–,–,–,–,–,–,–,–,–,–,2.0
28,Opina/Cadena SER[p 35][p 36],27 Feb 2008,9000,?,44.0165/169,39.0153/157,4.03/4,2.38,1.54/5,1.57,–,–,–,–,–,–,–,–,–,–,5.0
29,TNS Demoscopia/Antena 3[p 37][p 38],27 Feb 2008,?,75.5,42.3162/164,38.5154/156,?4/5,?9,?6,?6/7,–,–,–,–,–,–,–,–,–,–,3.8
30,Demométrica/Telecinco[p 39],27 Feb 2008,3000,76.3,44.1,38.8,5.2,–,–,–,–,–,–,–,–,–,–,–,–,–,5.3
31,Obradoiro de Socioloxía/Público[p 33],27 Feb 2008,?,?,45.3,38.9,4.7,3.1,1.5,1.5,–,–,–,–,–,–,–,–,–,–,6.4
32,Sondaxe/La Voz de Galicia[p 40],27 Feb 2008,1300,74.4,43.5,40.0,4.6,2.7,1.7,1.4,–,1.1,–,–,–,–,–,–,–,1.3,3.5
33,Metroscopia/El País[p 41],27 Feb 2008,8750,74–75,42.9165/169,38.8148/154,4.84,2.69,1.95/6,1.57,0.62,–,0.20,–,–,–,–,–,–,1.10/1,4.1
34,Demo Ibérica/COPE[p 42],26 Feb 2008,?,70.9,41.7157/160,39.6153/156,?5/6,?10,?6,?7,?2,?2,?0,?1,?1,?1,–,?1,?0/1,?0/1,2.1
35,Opina/Cadena SER[p 43][p 36],26 Feb 2008,?,?,44.0,39.0,4.0,2.3,1.5,1.5,–,–,–,–,–,–,–,–,–,–,5.0
36,GESOP/El Periódico[p 44][p 45],26 Feb 2008,600,68,42.5165/170,37.0149/154,?4/5,?8/9,?5/6,?6,–,–,–,–,–,–,–,–,–,–,5.5
37,Demométrica/Telecinco[p 46][p 47],26 Feb 2008,8000,?,44.2170/177,38.6148/152,5.35/7,?10,?3/4,?6,–,–,–,–,–,–,–,–,–,–,5.6
38,Obradoiro de Socioloxía/Público[p 48],26 Feb 2008,?,?,45.3,38.7,4.5,3.1,1.4,1.4,–,–,–,–,–,–,–,–,–,–,6.6
39,Opina/Cadena SER[p 49][p 36],25 Feb 2008,?,?,44.0,39.0,4.0,2.3,1.5,1.5,–,–,–,–,–,–,–,–,–,–,5.0
40,Demométrica/Telecinco[p 50],25 Feb 2008,?,?,43.2,38.5,–,–,–,–,–,–,–,–,–,–,–,–,–,–,4.7
41,Obradoiro de Socioloxía/Público[p 51],25 Feb 2008,1796,?,45.3,38.5,4.8,3.0,1.3,1.4,–,–,–,–,–,–,–,–,–,–,6.8
42,Opina/Cadena SER[p 52][p 53],24 Feb 2008,?,?,44.0163/167,40.0154/156,4.54,2.69,1.75,1.47,–,–,–,–,–,–,–,–,–,–,4.0
43,Demométrica/Telecinco[p 54],24 Feb 2008,?,?,42.9,38.7,–,–,–,–,–,–,–,–,–,–,–,–,–,–,4.2
44,Ipsos/Expansión[p 55],24 Feb 2008,?,72–74,41.7,38.2,–,2.8,2.2,1.4,–,–,–,–,–,–,–,–,–,–,3.5
45,Opina/Cadena SER[p 56][p 57][p 53],23 Feb 2008,?,?,44.5,41.5,4.0,2.8,1.7,1.2,–,–,–,–,–,–,–,–,–,–,3.0
46,Demométrica/Telecinco[p 58],23 Feb 2008,?,?,43.0,37.9,–,–,–,–,–,–,–,–,–,–,–,–,–,–,5.1
47,Obradoiro de Socioloxía/Público[p 59],23 Feb 2008,?,?,44.7,39.3,4.2,3.1,1.3,1.4,–,–,–,–,–,–,–,–,–,–,5.4
48,Demo Ibérica/COPE[p 60],22 Feb 2008,?,70.7,41.5157/160,39.6153/155,?5/6,3.410/11,?6,?7,?2,?2,?0,?1,?1,–,–,0.30/1,–,0.70/1,1.9
49,Opina/Cadena SER[p 53],22 Feb 2008,?,?,42.0,40.0,4.0,2.6,1.7,1.3,–,–,–,–,–,–,–,–,–,–,2.0
50,Metroscopia/El País[p 61],22 Feb 2008,600,73–74,42.3,38.6,4.5,–,–,–,–,–,–,–,–,–,–,–,–,–,3.7
51,Demométrica/Telecinco[p 62],22 Feb 2008,?,?,43.1,37.8,–,–,–,–,–,–,–,–,–,–,–,–,–,–,5.3
52,Obradoiro de Socioloxía/Público[p 63],22 Feb 2008,1812,?,44.0,40.0,4.5,3.0,1.4,1.3,–,–,–,–,–,–,–,–,–,–,4.0
53,Invymark/laSexta[p 64],22 Feb 2008,?,?,42.7,38.0,–,–,–,–,–,–,–,–,–,–,–,–,–,–,4.7
54,Opina/Cadena SER[p 65][p 66],21 Feb 2008,?,?,41.5155/164,40.0158/161,4.54/5,2.67/9,1.74/5,1.37/8,–,–,–,–,–,–,–,–,–,–,1.5
55,Demométrica/Telecinco[p 67],21 Feb 2008,?,?,43.3,37.5,–,–,–,–,–,–,–,–,–,–,–,–,–,–,5.8
56,Obradoiro de Socioloxía/Público[p 63],21 Feb 2008,?,?,43.1,40.9,4.3,2.8,1.5,1.4,–,–,–,–,–,–,–,–,–,–,2.2
57,DYM/ABC[p 68],21 Feb 2008,1074,?,42.0,39.2,3.9,–,–,–,–,–,–,–,–,–,–,–,–,–,2.8
58,TNS Demoscopia/Antena 3[p 69][p 38],20 Feb 2008,?,73.6,42.0161/164,39.7154/157,5.44/5,2.78/9,2.27,1.57,?2/3,?1/2,–,–,–,–,–,–,–,–,2.3
59,Obradoiro de Socioloxía/Público[p 70],20 Feb 2008,1812,?,42.8,40.4,4.6,2.6,1.3,1.4,–,–,–,–,–,–,–,–,–,–,2.4
60,Append/Vocento[p 71][p 72][p 73],18 Feb 2008,4989,74.4,41.4,38.8,4.8,3.0,2.0,1.5,0.7,0.6,0.2,0.3,0.3,–,0.1,–,–,0.5,2.6
61,TNS Demoscopia/Antena 3[p 74][p 75][p 38],18 Feb 2008,?,72.4,41.8162/164,40.2155/157,5.44,2.98/9,1.96/7,1.67/8,–,–,–,–,–,–,–,–,–,–,1.6
62,Ipsos/Expansión[p 76],17 Feb 2008,?,72–74,42.3,37.3,4.5,–,–,–,–,–,–,–,–,–,–,–,–,0.5,5.0
63,GESOP/El Periódico[p 77][p 78],17 Feb 2008,1500,65–70,40.5159/164,37.0153/157,4.94/6,2.69/10,1.75/6,1.46/7,–,–,–,–,–,–,–,–,–,–,3.5
64,ASEP[a][p 79],17 Feb 2008,1201,75.5,40.7,38.5,–,–,–,–,–,–,–,–,–,–,–,–,–,–,2.2
65,Metroscopia/El País[p 80],15 Feb 2008,600,71–72,41.9,38.9,5.0,–,–,–,–,–,–,–,–,–,–,–,–,–,3.0
66,Invymark/laSexta[p 81],15 Feb 2008,?,?,42.8,38.4,–,–,–,–,–,–,–,–,–,–,–,–,–,–,4.4
67,Noxa/La Vanguardia[p 82],14 Feb 2008,1800,?,43.1165,39.1152,5.05,3.010,1.55,1.46,–,–,–,–,–,–,–,–,–,–,4.0
68,DYM/ABC[p 83],14 Feb 2008,1057,?,42.2,39.2,3.9,–,–,–,–,–,–,–,–,–,–,–,–,–,3.0
69,Obradoiro de Socioloxía/Público[p 84][p 85],12 Feb 2008,12000,?,42.6158/169,40.1154/163,4.94,2.68/10,1.34,1.36/7,?1/2,?2,–,?0/1,?1,–,–,–,–,–,2.5
70,Ipsos/Expansión[p 86],10 Feb 2008,?,69–70,41.1,39.8,5.1,–,–,–,–,–,–,–,–,–,–,–,–,–,1.3
71,TNS Demoscopia/Antena 3[p 74][p 87][p 38],10 Feb 2008,?,73.4,42.7165/168,39.1151/153,4.94/5,2.78,?7,1.77,?2,–,–,?0,–,–,–,–,–,?0,3.6
72,Metroscopia/El País[p 88],8 Feb 2008,600,70–71,41.7,38.8,5.3,–,–,–,–,–,–,–,–,–,–,–,–,–,2.9
73,Obradoiro de Socioloxía/Público[p 89],8 Feb 2008,4008,?,44.0,38.5,4.9,2.8,1.5,1.6,–,–,–,–,–,–,–,–,–,–,5.5
74,Sigma Dos/El Mundo[p 90][p 91],7 Feb 2008,1000,?,41.8,39.2,5.2,3.2,2.1,1.6,–,–,–,–,–,–,–,–,–,–,2.6
75,DYM/ABC[p 92],7 Feb 2008,1031,?,42.4,39.2,4.1,–,–,–,–,–,–,–,–,–,–,–,–,–,3.2
76,Simple Lógica[p 93],4 Feb 2008,2031,72.7,40.6,38.4,5.1,2.7,–,1.4,–,–,–,–,–,–,–,–,–,–,2.2
77,CIS[p 94][p 95],4 Feb 2008,18221,?,40.2158/163,38.7153/157,5.85/6,3.010,2.16,1.77,0.61/2,0.92,–,0.41,0.31,–,–,–,–,0.60/1,1.5
78,DYM/ABC[p 96],31 Jan 2008,1015,?,42.4,38.6,4.2,–,–,–,–,–,–,–,–,–,–,–,–,–,3.8
79,Obradoiro de Socioloxía/Público[p 97],31 Jan 2008,4009,72,44.6,38.2,5.0,3.0,1.3,1.6,–,–,–,–,–,–,–,–,–,–,6.4
80,TNS Demoscopia/Antena 3[p 75][p 98],30 Jan 2008,?,?,42.5164/166,39.3154/156,4.63,2.89,?6,1.56/7,?2,?2,?0,?0,–,–,–,–,–,–,3.2
81,Metroscopia/El País[p 99][p 38],30 Jan 2008,2000,73–74,42.0,38.6,5.1,–,–,–,–,–,–,–,–,–,–,–,–,–,3.4
82,TNS Demoscopia/Antena 3[p 100][p 101],28 Jan 2008,?,73.0,42.3162/166,39.6151/155,4.54,3.09/10,1.66,1.57/8,?2/3,–,?0,–,–,–,–,–,–,?1,2.7
83,Celeste-Tel/Terra[p 102][p 103],28 Jan 2008,10910,72.9,43.7–44.1164/168,41.3–41.7152/154,4.0–4.22/5,3.2–3.310,1.1–1.23,1.2–1.36/7,0.82/3,0.92,0.20/1,–,0.31,0.10/1,–,–,0.20/1,1.4–1.51,2.4
84,Invymark/laSexta[p 104],25 Jan 2008,1100,?,43.1,38.1,–,–,–,–,–,–,–,–,–,–,–,–,–,–,5.0
85,Obradoiro de Socioloxía/Público[p 105],24 Jan 2008,4007,?,44.5,38.7,4.6,2.8,1.5,1.6,–,–,–,–,–,–,–,–,–,–,5.8
86,Opina/Cadena SER[p 106][p 107],23 Jan 2008,1000,?,44.0,38.0,3.5,3.0,1.9,1.6,–,–,–,–,–,–,–,–,–,–,6.0
87,TNS Demoscopia/Antena 3[p 108][p 109],21 Jan 2008,?,71.5,41.6160/164,39.5149/153,5.14/5,3.110/11,2.06/7,1.57/8,0.83,–,?1/2,–,–,–,–,–,–,2.01,2.1
88,ASEP[a][p 110][p 111],20 Jan 2008,1203,75.6,40.3,38.9,–,–,–,–,–,–,–,–,–,–,–,–,–,–,1.4
89,Obradoiro de Socioloxía/Público[p 112],17 Jan 2008,4000,?,42.8,39.2,5.0,2.6,1.7,1.6,–,–,–,–,–,–,–,–,–,–,3.6
90,Noxa/La Vanguardia[p 113],16 Jan 2008,1000,?,42.3162/164,39.8154/156,5.15,2.58,1.86,1.57,–,–,–,–,–,–,–,–,–,–,2.5
91,TNS Demoscopia/Antena 3[p 114][p 108][p 75],14 Jan 2008,?,?,41.9160/164,40.1151/155,4.84/5,3.310/11,1.85/6,1.67/8,?2/3,?1/2,?1,?0/1,–,–,–,–,–,?0,1.8
92,Ipsos/Expansión[p 115],13 Jan 2008,?,68–70,41.5,39.5,–,–,–,–,–,–,–,–,–,–,–,–,–,–,2.0
93,Opina/Cadena SER[p 116][p 117][p 118],9 Jan 2008,1000,?,43.0,40.0,3.5,3.0,1.5,1.4,–,–,–,–,–,–,–,–,–,–,3.0
94,Invymark/laSexta[p 119],28 Dec 2007,?,?,43.2,38.4,–,–,–,–,–,–,–,–,–,–,–,–,–,–,4.8
95,Sigma Dos/El Mundo[p 120][p 121][p 122],26 Dec 2007,10400,?,41.9153/164,39.4151/162,5.05,3.410/11,2.27,1.57,?3,?1/2,?0,?0,?1,–,–,–,–,?0,2.5
96,Obradoiro de Socioloxía/Público[p 123],21 Dec 2007,9100,72,43.0167,38.5151,5.66,2.79,1.65,1.67,?2,?2,–,–,?1,–,–,–,–,0.90,4.5
97,Ipsos/Expansión[p 124][p 125],16 Dec 2007,1000,66–68,41.3,38.0,5.3,3.2,2.1,1.5,–,–,–,–,–,–,–,–,–,1.3,3.3
98,ASEP[a][p 126],16 Dec 2007,1199,76.3,40.4,37.1,–,–,–,–,–,–,–,–,–,–,–,–,–,–,3.3
99,Invymark/laSexta[p 127],14 Dec 2007,?,?,42.4,38.9,–,–,–,–,–,–,–,–,–,–,–,–,–,–,3.5
100,Noxa/La Vanguardia[p 128],12 Dec 2007,2000,?,42.5158/162,39.7152/156,5.35/6,2.810,1.75/6,1.97/9,–,–,–,–,–,–,–,–,–,–,2.8
101,TNS Demoscopia/Antena 3[p 108][p 75],11 Dec 2007,?,?,42.0,38.2,5.5,3.2,1.9,1.4,–,–,–,–,–,–,–,–,–,1.0,3.8
102,Opina/Cadena SER[p 129][p 130],4 Dec 2007,1000,?,45.0,37.5,4.5,3.0,1.5,1.5,–,–,–,–,–,–,–,–,–,–,7.5
103,Obradoiro de Socioloxía/Público[p 131][p 75],2 Dec 2007,?,?,42.5,37.4,5.2,2.8,2.0,1.5,–,–,–,–,–,–,–,–,–,–,5.1
104,Intercampo/GETS[p 132][p 133],22 Nov 2007,?,High,40.7,38.4,5.3,3.3,2.0,1.7,–,–,–,–,–,–,–,–,–,–,2.3
106,Opina/Cadena SER[p 134][p 135],21 Nov 2007,1000,?,45.0,38.0,4.0,3.2,1.7,1.9,–,–,–,–,–,–,–,–,–,–,7.0
107,ASEP[a][p 136],18 Nov 2007,1203,77.6,42.8,36.4,–,–,–,–,–,–,–,–,–,–,–,–,–,–,6.4
108,GESOP/El Periódico[p 137],17 Nov 2007,1500,?,43.5165/170,37.6145/150,5.04/5,2.89/10,1.86/7,1.46/7,–,–,–,–,–,–,–,–,–,–,5.9
109,TNS Demoscopia/Antena 3[p 138][p 75],13 Nov 2007,?,?,41.4,39.0,5.5,2.7,2.3,1.5,0.8,0.9,–,–,–,–,–,–,–,0.8,2.4
110,Ipsos/Expansión[p 139],11 Nov 2007,?,68–70,41.4,38.3,–,–,–,–,–,–,–,–,–,–,–,–,–,1.6,3.1
111,Invymark/laSexta[p 140],9 Nov 2007,?,?,42.0,38.5,–,–,–,–,–,–,–,–,–,–,–,–,–,–,3.5
112,Sigma Dos/El Mundo[p 141][p 142][p 143],8 Nov 2007,800,?,42.2,39.1,4.8,3.0,2.2,1.3,–,–,–,–,–,–,–,–,–,–,3.1
113,Opina/Cadena SER[p 144][p 145],6 Nov 2007,1000,?,44.5,38.0,4.0,3.0,1.9,1.4,–,–,–,–,–,–,–,–,–,–,6.5
114,Obradoiro de Socioloxía/Público[p 146],4 Nov 2007,?,?,41.7,38.6,4.7,2.9,2.2,1.4,–,–,–,–,–,–,–,–,–,–,3.1
115,Invymark/laSexta[p 147],2 Nov 2007,1100,?,42.6,38.0,–,–,–,–,–,–,–,–,–,–,–,–,–,–,4.6
116,CIS[p 148][p 149],29 Oct 2007,2493,?,39.7,37.4,5.5,3.1,2.1,1.5,–,–,–,–,–,–,–,–,–,–,2.3
117,Opina/Cadena SER[p 150][p 151],23 Oct 2007,1000,?,44.0,39.0,3.3,3.2,1.9,1.4,–,–,–,–,–,–,–,–,–,–,5.0
118,Ipsos/Expansión[p 139],22 Oct 2007,?,66–68,42.7,38.1,–,–,–,–,–,–,–,–,–,–,–,–,–,–,4.6
119,ASEP[a][p 152],21 Oct 2007,1202,76.2,40.9,38.8,6.0,–,–,–,–,–,–,–,–,–,–,–,–,–,2.1
120,TNS Demoscopia/Antena 3[p 153][p 75],10 Oct 2007,?,?,40.6,39.5,5.2,3.2,2.3,1.4,0.7,0.9,–,0.4,–,–,–,–,–,0.9,1.1
121,Opina/Cadena SER[p 154][p 155],9 Oct 2007,1000,?,44.0,39.0,3.3,3.0,2.3,1.8,–,–,–,–,–,–,–,–,–,–,5.0
122,DYM/ABC[p 156],4 Oct 2007,1000,?,41.2,39.3,4.5,–,–,–,–,–,–,–,–,–,–,–,–,–,1.9
123,Noxa/La Vanguardia[p 157],3 Oct 2007,1000,?,42.3163/164,39.6154/155,5.75/6,2.58/9,1.65/6,1.15/6,–,–,–,–,–,–,–,–,–,–,2.7
124,Obradoiro de Socioloxía/Público[p 158],28 Sep 2007,3067,?,41.0,38.8,4.9,3.1,2.5,1.4,–,–,–,–,–,–,–,–,–,–,2.2
125,Opina/Cadena SER[p 159][p 160][p 161],26 Sep 2007,?,?,44.0,39.0,5.0,2.5,1.7,1.2,–,–,–,–,–,–,–,–,–,–,5.0
126,ASEP[a][p 162],23 Sep 2007,1213,77.3,42.6,37.1,6.0,–,–,–,–,–,–,–,–,–,–,–,–,–,5.5
127,Invymark/laSexta[p 163],14 Sep 2007,?,?,42.2,38.8,–,–,–,–,–,–,–,–,–,–,–,–,–,–,3.4
128,Opina/Cadena SER[p 164][p 165],13 Sep 2007,?,?,44.0,38.0,5.0,3.5,1.8,1.2,–,–,–,–,–,–,–,–,–,–,6.0
129,TNS Demoscopia/Antena 3[p 108],11 Sep 2007,?,?,41.8,38.0,–,–,–,–,–,–,–,–,–,–,–,–,–,–,3.8
130,Ipsos/Expansión[p 166],10 Sep 2007,?,70,40.3,39.8,–,–,–,–,–,–,–,–,–,–,–,–,–,–,0.5
131,Sigma Dos/El Mundo[p 167][p 168],31 Aug 2007,800,?,41.1,39.7,5.4,2.7,2.3,1.6,–,–,–,–,–,–,–,–,–,–,1.4
132,Opina/Cadena SER[p 169][p 170][p 171],29 Aug 2007,1000,?,44.0,39.5,3.5,4.5,1.9,1.3,–,–,–,–,–,–,–,–,–,–,4.5
133,CIS[p 172][p 173],18 Jul 2007,2483,?,40.5,37.0,6.1,2.9,1.9,1.5,–,–,–,–,–,–,–,–,–,–,3.5
134,TNS Demoscopia/Antena 3[p 174],17 Jul 2007,?,69.3,41.7,39.5,5.5,3.2,–,–,–,–,–,–,–,–,–,–,–,–,2.2
135,ASEP[a][p 175],15 Jul 2007,1200,75.1,43.1,36.4,5.6,–,–,–,–,–,–,–,–,–,–,–,–,–,6.7
136,Ipsos/Expansión[p 166],14 Jul 2007,?,?,43.1,39.4,–,–,–,–,–,–,–,–,–,–,–,–,–,–,3.7
137,Invymark/laSexta[p 163],13 Jul 2007,?,?,42.8,38.2,–,–,–,–,–,–,–,–,–,–,–,–,–,–,4.6
138,Noxa/La Vanguardia[p 176],8 Jul 2007,1000,?,44.1168/169,37.9148/149,5.45/6,2.89/10,2.06/7,1.46/7,–,–,–,–,–,–,–,–,–,–,6.2
139,Metroscopia/ABC[p 177][p 178],5 Jul 2007,1000,?,43.3,39.3,5.4,–,–,–,–,–,–,–,–,–,–,–,–,–,4.0
140,Opina/Cadena SER[p 179][p 161],4 Jul 2007,?,?,45.0,38.5,5.0,4.5,1.7,1.5,–,–,–,–,–,–,–,–,–,–,6.5
141,ASEP[a][p 180],17 Jun 2007,1213,74.2,41.5,38.4,4.9,–,–,–,–,–,–,–,–,–,–,–,–,–,3.1
142,GESOP/El Periódico[p 181],15 Jun 2007,800,?,42.2,39.2,5.5,3.0,1.7,1.3,–,–,–,–,–,–,–,–,–,–,3.0
143,Iberconsulta/La Razón[p 182],13 Jun 2007,1000,73.3,39.7,40.6,5.3,–,–,–,–,–,–,–,–,–,–,–,–,–,0.9
144,Opina/Cadena SER[p 183][p 184],12 Jun 2007,1000,?,43.0,40.0,5.0,3.0,2.0,1.5,–,–,–,–,–,–,–,–,–,–,3.0
145,Opina/Cadena SER[p 185][p 186],30 May 2007,1000,?,44.0,38.0,5.0,2.5,1.5,1.5,–,–,–,–,–,–,–,–,–,–,6.0
146,2007 local elections,27 May 2007,,64.0,34.9,35.6,6.6,3.3,1.6,1.4,1.0,1.4,0.3,0.3,0.2,0.1,0.3,0.3,0.2,–,0.7
147,ASEP[a][p 187],20 May 2007,1213,79.6,41.6,36.8,5.3,–,–,–,–,–,–,–,–,–,–,–,–,–,4.8
148,Ipsos/Expansión[p 188][p 189],13 May 2007,?,?,40.8,37.6,–,–,–,–,–,–,–,–,–,–,–,–,–,–,3.2
149,TNS Demoscopia/Antena 3[p 108],9 May 2007,?,?,40.6,39.8,–,–,–,–,–,–,–,–,–,–,–,–,–,–,0.8
150,CIS[p 190][p 191],29 Apr 2007,2455,?,39.6,36.6,5.6,3.0,2.4,1.6,–,–,–,–,–,–,–,–,–,–,3.0
151,ASEP[a][p 192],22 Apr 2007,1212,75.8,41.0,36.4,6.1,–,–,–,–,–,–,–,–,–,–,–,–,–,4.6
152,Metroscopia/ABC[p 193],18 Apr 2007,1002,70,42.4,40.9,4.2,–,–,–,–,–,–,–,–,–,–,–,–,–,1.5
153,TNS Demoscopia/Antena 3[p 108][p 194],17 Apr 2007,?,?,39.8,39.6,–,–,–,–,–,–,–,–,–,–,–,–,–,–,0.2
154,Ipsos/Expansión[p 189][p 195],15 Apr 2007,?,?,39.9,37.2,–,–,–,–,–,–,–,–,–,–,–,–,–,–,2.7
155,Opina/Cadena SER[p 196][p 197],11 Apr 2007,1000,?,43.0,38.0,5.5,3.5,1.8,1.5,–,–,–,–,–,–,–,–,–,–,5.0
156,Sigma Dos/El Mundo[p 198][p 199],2 Apr 2007,800,?,41.5,40.3,4.8,3.0,1.9,1.5,–,–,–,–,–,–,–,–,–,–,1.2
157,Opina/El País[p 200][p 38],22 Mar 2007,1000,?,42.0,38.5,5.0,3.8,2.0,1.0,–,–,–,–,–,–,–,–,–,–,3.5
158,ASEP[a][p 201],18 Mar 2007,1203,76.5,41.5,37.0,4.4,–,–,–,–,–,–,–,–,–,–,–,–,–,4.5
159,Opina/Cadena SER[p 202][p 203],15 Mar 2007,1000,?,43.0,38.0,5.5,3.5,2.0,1.5,–,–,–,–,–,–,–,–,–,–,5.0
160,GESOP/El Periódico[p 204],15 Mar 2007,1500,?,41.9,39.7,5.8,2.9,1.9,1.2,–,–,–,–,–,–,–,–,–,–,2.2
161,Iberconsulta/La Razón[p 205][p 38],14 Mar 2007,800,?,38.4145/147,42.2161/163,5.77,3.411,2.69,1.77,–,–,–,–,–,–,–,–,–,–,3.8
162,Ipsos/Expansión[p 206],11 Mar 2007,?,?,38.5,38.3,5.6,3.2,1.9,1.7,–,–,–,–,–,–,–,–,–,–,0.2
163,Opina/Cadena SER[p 207][p 208],7 Mar 2007,1000,?,43.0,40.0,5.0,3.0,2.0,1.0,–,–,–,–,–,–,–,–,–,–,3.0
164,Opina/Cadena SER[p 209][p 210],23 Feb 2007,1000,?,44.0,38.0,5.0,3.6,1.7,1.5,–,–,–,–,–,–,–,–,–,–,6.0
165,ASEP[a][p 211],18 Feb 2007,1208,73.5,40.8,38.4,5.3,–,–,–,–,–,–,–,–,–,–,–,–,–,2.4
166,Opina/Cadena SER[p 212][p 213],7 Feb 2007,?,?,43.0,38.0,3.5,3.0,1.9,1.5,–,–,–,–,–,–,–,–,–,–,5.0
167,Invymark/laSexta[p 214],2 Feb 2007,?,?,42.2,37.8,–,–,–,–,–,–,–,–,–,–,–,–,–,–,4.4
168,Metroscopia/ABC[p 215],31 Jan 2007,1001,?,40.1,42.7,6.1,–,–,–,–,–,–,–,–,–,–,–,–,–,2.6
169,CIS[p 216][p 217],31 Jan 2007,2472,?,38.8,37.6,6.5,3.2,2.0,1.4,–,–,–,–,–,–,–,–,–,–,1.2
170,Intereconomía[p 218],25 Jan 2007,?,73.4,38.1,41.8,5.1,3.0,2.1,1.7,–,–,–,–,–,–,–,–,–,–,3.7
171,ASEP[a][p 219][p 220],21 Jan 2007,1201,75.0,42.3,36.3,4.5,–,–,–,–,–,–,–,–,–,–,–,–,–,6.0
172,Noxa/La Vanguardia[p 221],18 Jan 2007,1000,?,42.0161/164,34.8138/142,7.113,3.913/14,2.06,1.77,–,–,–,w.PNV,–,–,–,–,–,–,7.2
173,Opina/Cadena SER[p 222][p 213],17 Jan 2007,?,?,44.0,38.0,3.5,3.5,2.0,1.5,–,–,–,–,–,–,–,–,–,–,6.0
174,Metra Seis/Colpisa[p 223][p 224],15 Jan 2007,2000,?,38.3142/152,40.7163/169,5.76/7,3.111/12,2.07,1.77,?3,–,?1,?1,?1,–,–,–,–,–,2.4
175,Opina/Cadena SER[p 225][p 226],4 Jan 2007,1000,?,42.0,40.0,4.0,3.5,2.5,1.4,–,–,–,–,–,–,–,–,–,–,2.0
176,Sigma Dos/El Mundo[p 227][p 228],4 Jan 2007,800,?,40.2,40.7,5.2,3.0,2.2,1.6,–,–,–,–,–,–,–,–,–,–,0.5
177,Metroscopia/ABC[p 229],3 Jan 2007,605,72,41.1,40.4,5.9,–,–,–,–,–,–,–,–,–,–,–,–,–,0.7
178,Intereconomía[p 218],28 Dec 2006,?,72.6,38.7,39.1,5.7,2.9,2.3,1.9,–,–,–,–,–,–,–,–,–,–,0.4
179,Sigma Dos/El Mundo[p 228],28 Dec 2006,800,?,40.7,40.5,5.0,3.0,2.3,1.5,–,–,–,–,–,–,–,–,–,–,0.2
180,ASEP[a][p 230],17 Dec 2006,1191,75.1,40.9,36.3,5.1,–,–,–,–,–,–,–,–,–,–,–,–,–,4.6
181,Opina/Cadena SER[p 231][p 232],12 Dec 2006,?,?,44.0,38.0,5.5,3.0,1.7,1.9,–,–,–,–,–,–,–,–,–,–,6.0
182,Ipsos/PSOE[p 233],12 Dec 2006,?,?,42.0,36.0,–,–,–,–,–,–,–,–,–,–,–,–,–,–,6.0
183,Opina/Cadena SER[p 234][p 235],30 Nov 2006,?,?,44.0,39.0,4.5,3.5,2.0,2.0,–,–,–,–,–,–,–,–,–,–,5.0
184,ASEP[a][p 236][p 237],26 Nov 2006,1206,75.7,42.2,37.0,5.4,–,–,–,–,–,–,–,–,–,–,–,–,–,5.2
185,Opina/Cadena SER[p 238][p 239],16 Nov 2006,1000,?,45.0,39.0,4.5,3.0,2.0,0.9,–,–,–,–,–,–,–,–,–,–,6.0
186,Opina/Cadena SER[p 240][p 241],2 Nov 2006,1000,?,44.0,39.0,4.5,3.3,2.0,1.9,–,–,–,–,–,–,–,–,–,–,5.0
187,Intereconomía[p 242],27 Oct 2006,?,70.9,39.3,40.2,5.0,2.8,2.0,1.6,–,–,–,–,–,–,–,–,–,–,0.9
188,CIS[p 243][p 244][p 245],25 Oct 2006,2481,?,39.3,37.9,5.1,3.1,2.8,1.7,–,–,–,–,–,–,–,–,–,–,1.4
189,ASEP[a][p 246],22 Oct 2006,1200,73.1,40.3,38.5,4.9,–,–,–,–,–,–,–,–,–,–,–,–,–,1.8
190,Intercampo/GETS[p 247],22 Oct 2006,1735,High,40.4,38.9,5.2,3.0,2.4,1.5,–,–,–,–,–,–,–,–,–,–,1.5
192,Sigma Dos/El Mundo[p 248],9 Oct 2006,800,?,42.9,39.4,4.4,2.7,2.0,1.6,–,–,–,–,–,–,–,–,–,–,3.5
193,Metroscopia/ABC[p 249],4 Oct 2006,1000,73,42.7,38.3,5.6,–,–,–,–,–,–,–,–,–,–,–,–,–,4.4
194,Opina/Cadena SER[p 250][p 251],28 Sep 2006,?,?,43.0,37.0,4.5,3.0,1.3,1.3,–,–,–,–,–,–,–,–,–,–,6.0
195,Intereconomía[p 252],28 Sep 2006,?,71.7,39.1,38.8,5.6,3.2,2.0,1.7,–,–,–,–,–,–,–,–,–,–,0.3
196,ASEP[a][p 253],24 Sep 2006,1202,75.5,41.2,38.5,–,–,–,–,–,–,–,–,–,–,–,–,–,–,2.7
197,Opina/Cadena SER[p 254][p 255],13 Sep 2006,?,?,43.0,39.0,4.0,3.0,1.3,1.0,–,–,–,–,–,–,–,–,–,–,4.0
198,Opina/Cadena SER[p 256][p 257],31 Aug 2006,?,?,43.0,38.0,3.5,4.0,1.5,1.0,–,–,–,–,–,–,–,–,–,–,5.0
199,Intereconomía[p 258],27 Jul 2006,?,72.2,38.7,39.0,5.7,3.1,2.4,1.9,–,–,–,–,–,–,–,–,–,–,0.3
200,CIS[p 259][p 260][p 261],16 Jul 2006,2482,?,40.6,36.9,5.0,3.2,2.1,1.4,–,–,–,–,–,–,–,–,–,–,3.7
201,Opina/El País[p 262][p 38],14 Jul 2006,800,?,45.0,39.0,3.5,3.5,2.5,1.8,–,–,–,–,–,–,–,–,–,–,6.0
202,Noxa/La Vanguardia[p 263],13 Jul 2006,1000,?,44.4169/173,36.8142/145,4.84/6,3.210,1.86,1.56/7,–,–,–,w.PNV,–,–,–,–,–,–,7.6
203,ASEP[a][p 264],9 Jul 2006,1213,75.1,42.9,37.3,–,–,–,–,–,–,–,–,–,–,–,–,–,–,5.6
204,GESOP/El Periódico[p 265],4 Jul 2006,1000,?,42.8,38.8,5.4,3.0,2.2,1.8,–,–,–,–,–,–,–,–,–,–,4.0
205,Opina/Cadena SER[p 266][p 267],22 Jun 2006,1000,?,45.0,38.0,4.0,4.0,2.5,1.5,–,–,–,–,–,–,–,–,–,–,7.0
206,ASEP[a][p 268],11 Jun 2006,1205,78.0,41.3,35.9,–,–,–,–,–,–,–,–,–,–,–,–,–,–,5.4
207,Intereconomía[p 269],5 Jun 2006,?,72.6,40.1,39.2,5.5,2.9,2.1,1.7,–,–,–,–,–,–,–,–,–,–,0.9
208,Metroscopia/ABC[p 229],2 Jun 2006,?,73,43.8,36.7,5.0,–,–,–,–,–,–,–,–,–,–,–,–,–,7.1
209,Opina/El País[p 270][p 271],1 Jun 2006,800,?,45.0,38.0,4.5,2.5,2.0,1.0,–,–,–,–,–,–,–,–,–,–,7.0
210,Opina/Cadena SER[p 272][p 273],31 May 2006,?,?,45.0,39.0,5.5,3.0,2.0,1.5,–,–,–,–,–,–,–,–,–,–,6.0
211,Sigma Dos/El Mundo[p 274][p 38],25 May 2006,800,?,41.7,40.2,4.6,2.8,2.2,1.5,–,–,–,–,–,–,–,–,–,–,1.5
212,Opina/Cadena SER[p 275][p 267],19 May 2006,?,?,45.0,38.0,4.5,2.0,1.0,1.5,–,–,–,–,–,–,–,–,–,–,7.0
213,ASEP[a][p 276],14 May 2006,1201,76.8,41.5,37.9,–,–,–,–,–,–,–,–,–,–,–,–,–,–,3.6
214,Opina/Cadena SER[p 277][p 278],5 May 2006,1000,?,45.0,40.0,3.5,3.0,2.0,1.8,–,–,–,–,–,–,–,–,–,–,5.0
215,CIS[p 279][p 280][p 281],30 Apr 2006,2481,?,40.3,38.2,5.4,2.9,2.0,1.4,–,–,–,–,–,–,–,–,–,–,2.1
216,GESOP/El Periódico[p 282],22 Apr 2006,1002,?,43.3,39.5,5.4,2.8,2.3,1.5,–,–,–,–,–,–,–,–,–,–,3.8
217,Opina/Cadena SER[p 283][p 284],20 Apr 2006,1000,?,46.0,38.0,4.0,3.5,2.0,1.0,–,–,–,–,–,–,–,–,–,–,8.0
218,Iberconsulta/La Razón[p 285][p 286],11 Apr 2006,800,?,43.7165/166,38.2149/150,?5,?11,?7,?6,–,?2,?0,–,–,–,–,–,–,–,5.5
219,ASEP[a][p 287],9 Apr 2006,1204,75.8,43.5,38.1,–,–,–,–,–,–,–,–,–,–,–,–,–,–,5.4
220,Opina/Cadena SER[p 288][p 289],30 Mar 2006,1000,?,44.0,39.0,4.0,2.5,2.5,1.7,–,–,–,–,–,–,–,–,–,–,5.0
221,Metroscopia/ABC[p 290],30 Mar 2006,1003,74,44.5,36.8,5.0,–,–,–,–,–,–,–,–,–,–,–,–,–,7.7
222,Sigma Dos/PP[p 291][p 38],27 Mar 2006,1000,?,42.3,39.6,5.2,3.0,–,1.5,–,–,–,–,–,–,–,–,–,–,2.7
223,Ipsos/PSOE[p 292],26 Mar 2006,?,?,45.6,37.7,4.6,–,–,–,–,–,–,–,–,–,–,–,–,–,7.9
224,Opina/El País[p 293][p 294],24 Mar 2006,1000,?,46.0,38.0,4.5,4.0,2.0,1.5,–,–,–,–,–,–,–,–,–,–,8.0
225,Opina/Cadena SER[p 295][p 296],23 Mar 2006,?,?,46.0,37.0,4.0,2.5,2.3,1.5,–,–,–,–,–,–,–,–,–,–,9.0
226,Opina/Cadena SER[p 297][p 298],16 Mar 2006,1000,?,43.0,39.0,4.0,3.5,2.0,1.2,–,–,–,–,–,–,–,–,–,–,4.0
227,ASEP[a][p 299],12 Mar 2006,1200,76.9,41.0,38.4,–,–,–,–,–,–,–,–,–,–,–,–,–,–,2.6
228,Sigma Dos/El Mundo[p 300][p 38],9 Mar 2006,1000,?,40.8,40.7,5.0,2.5,–,1.6,–,–,–,–,–,–,–,–,–,–,0.1
229,Opina/Cadena SER[p 301][p 302][p 303],2 Mar 2006,1000,?,45.0,40.0,5.0,2.5,2.0,1.4,–,–,–,–,–,–,–,–,–,–,5.0
230,Opina/Cadena SER[p 304][p 305],16 Feb 2006,1000,?,42.0,39.0,4.0,3.0,2.0,1.4,–,–,–,–,–,–,–,–,–,–,3.0
231,ASEP[a][p 306],12 Feb 2006,1209,74.9,37.8,40.2,–,–,–,–,–,–,–,–,–,–,–,–,–,–,2.4
232,Opina/Cadena SER[p 307][p 308],2 Feb 2006,1000,?,41.0,40.0,4.5,4.0,1.5,1.0,–,–,–,–,–,–,–,–,–,–,1.0
233,GESOP/El Periódico[p 309],2 Feb 2006,1000,?,41.9,40.1,5.5,2.9,2.0,1.4,–,–,–,–,–,–,–,–,–,–,1.8
234,Noxa/La Vanguardia[p 310],2 Feb 2006,1000,?,41.3149/154,42.6161/165,5.35/7,2.810,1.86,1.56/7,–,–,–,w.PNV,–,–,–,–,–,–,1.3
235,CIS[p 311][p 312][p 313],29 Jan 2006,2484,?,39.6,38.0,4.9,3.6,2.4,1.5,–,–,–,–,–,–,–,–,–,–,1.6
236,Opina/El País[p 314][p 315],27 Jan 2006,1000,?,41.0,40.0,4.0,3.0,2.0,1.5,–,–,–,–,–,–,–,–,–,–,1.0
237,Opina/Cadena SER[p 316][p 317],21 Jan 2006,?,?,42.0,39.0,5.0,3.5,1.7,1.5,–,–,–,–,–,–,–,–,–,–,3.0
238,Metroscopia/ABC[p 318],17 Jan 2006,1000,73,39.3,40.4,5.6,–,–,–,–,–,–,–,–,–,–,–,–,–,1.1
239,ASEP[a][p 319],15 Jan 2006,1207,76.4,39.8,39.7,–,–,–,–,–,–,–,–,–,–,–,–,–,–,0.1
240,Opina/Cadena SER[p 320][p 321],3 Jan 2006,1000,?,42.0,39.0,5.0,3.5,2.5,1.5,–,–,–,–,–,–,–,–,–,–,3.0
241,Sigma Dos/El Mundo[p 322][p 38],28 Dec 2005,800,?,41.5,40.5,4.7,2.8,2.1,1.6,–,–,–,–,–,–,–,–,–,–,1.0
242,ASEP[a][p 323][p 324],18 Dec 2005,1207,76.7,40.1,40.4,–,–,–,–,–,–,–,–,–,–,–,–,–,–,0.3
243,Iberconsulta/La Razón[p 325][p 326][p 38],16 Dec 2005,800,73.2,39.8151/152,40.0158/159,6.35,3.611,?9,1.77,?3,?2,?1,?1,?1,–,–,–,–,–,0.2
244,Opina/Cadena SER[p 327][p 328],7 Dec 2005,?,?,42.5,40.0,4.5,3.5,2.0,1.1,–,–,–,–,–,–,–,–,–,–,2.5
245,ASEP[a][p 329],20 Nov 2005,1205,78.1,41.2,38.1,–,–,–,–,–,–,–,–,–,–,–,–,–,–,3.1
246,Opina/Cadena SER[p 330][p 331],17 Nov 2005,1000,?,42.0,40.0,4.5,3.5,2.3,1.0,–,–,–,–,–,–,–,–,–,–,2.0
247,Noxa/La Vanguardia[p 332],11 Nov 2005,1200,?,40.1145/150,42.5163/167,5.67,3.110,1.96,1.87,–,?1/2,–,w.PNV,–,–,–,–,–,–,2.4
248,Opina/El País[p 315][p 333],8 Nov 2005,1000,?,41.0,40.0,5.5,3.5,2.5,1.5,–,–,–,–,–,–,–,–,–,–,1.0
249,Iberconsulta/La Razón[p 334][p 335][p 38],4 Nov 2005,800,74.2,39.5153/155,39.1154/156,6.66,3.611,?8,1.87,?3,?2,?1,?1,?1,–,–,–,–,–,0.4
250,Opina/Cadena SER[p 336][p 337],3 Nov 2005,1000,?,41.0,40.5,4.5,3.5,2.9,1.0,–,–,–,–,–,–,–,–,–,–,0.5
251,CIS[p 338][p 339][p 340],28 Oct 2005,2489,?,39.7,37.7,4.8,3.4,2.4,1.5,–,–,–,–,–,–,–,–,–,–,2.0
252,ASEP[a][p 341],23 Oct 2005,1204,76.5,40.1,38.2,–,–,–,–,–,–,–,–,–,–,–,–,–,–,1.9
253,Opina/Cadena SER[p 342][p 343],14 Oct 2005,1000,?,42.0,40.5,4.0,3.5,2.4,1.0,–,–,–,–,–,–,–,–,–,–,1.5
254,GESOP/El Periódico[p 344],11 Oct 2005,1000,?,41.2,39.9,5.7,2.8,2.4,1.6,–,–,–,–,–,–,–,–,–,–,1.3
255,Intercampo/GETS[p 345][p 247][p 38],11 Oct 2005,1721,High,39.6,38.1,5.3,3.7,–,1.6,–,–,–,–,–,–,–,–,–,–,1.5
257,Sigma Dos/El Mundo[p 346][p 38],6 Oct 2005,1000,?,40.1,40.6,5.4,3.1,–,1.6,–,–,–,–,–,–,–,–,–,–,0.5
258,Opina/El País[p 315][p 347],6 Oct 2005,1300,?,42.0,40.0,4.0,2.9,2.4,1.7,–,–,–,–,–,–,–,–,–,–,2.0
259,Opina/Cadena SER[p 348][p 343],1 Oct 2005,?,?,42.0,40.0,5.0,2.5,2.0,1.8,–,–,–,–,–,–,–,–,–,–,2.0
260,Metroscopia/ABC[p 349][p 350][p 318],29 Sep 2005,1000,75,41.6,38.2,5.3,–,–,–,–,–,–,–,–,–,–,–,–,–,3.4
261,ASEP[a][p 351],25 Sep 2005,1216,76.4,41.4,37.3,–,–,–,–,–,–,–,–,–,–,–,–,–,–,4.1
262,Opina/El País[p 315][p 352][p 353],20 Sep 2005,1000,?,44.0,38.0,4.5,3.2,2.5,1.5,–,–,–,–,–,–,–,–,–,–,6.0
263,Opina/Cadena SER[p 354],15 Sep 2005,1000,?,44.0,39.0,3.7,3.1,2.5,1.8,–,–,–,–,–,–,–,–,–,–,5.0
264,Opina/Cadena SER[p 355][p 356],1 Sep 2005,?,?,45.0,37.0,5.0,3.0,2.3,1.7,–,–,–,–,–,–,–,–,–,–,8.0
265,Sigma Dos/El Mundo[p 357][p 38],28 Jul 2005,1000,?,42.5,39.1,5.1,3.0,–,1.6,–,–,–,–,–,–,–,–,–,–,3.4
266,CIS[p 358][p 359],21 Jul 2005,2425,?,41.9,36.4,5.1,3.2,2.3,1.8,–,–,–,–,–,–,–,–,–,–,5.5
267,ASEP[a][p 111],10 Jul 2005,1216,78.2,40.8,37.0,–,–,–,–,–,–,–,–,–,–,–,–,–,–,3.8
268,Noxa/La Vanguardia[p 360],7 Jul 2005,1000,?,45.8172/176,36.4136/142,5.67/8,3.010,1.65/6,1.56,–,–,–,w.PNV,–,–,–,–,–,–,9.4
269,Metroscopia/ABC[a][p 361],6 Jul 2005,1000,69,43.8,37.4,3.5,–,–,–,–,–,–,–,–,–,–,–,–,–,6.4
270,Opina/Cadena SER[p 362],29 Jun 2005,1000,?,45.5,39.0,5.0,2.3,2.3,1.5,–,–,–,–,–,–,–,–,–,–,6.5
271,GESOP/El Periódico[p 363],29 Jun 2005,1000,?,42.8,37.9,6.0,2.8,2.6,1.7,–,–,–,–,–,–,–,–,–,–,4.9
272,ASEP[a][p 111],12 Jun 2005,1222,77.4,42.2,37.5,–,–,–,–,–,–,–,–,–,–,–,–,–,–,4.7
273,Opina/Cadena SER[p 364][p 365][p 161],19 May 2005,?,?,45.0,38.0,3.8,3.2,2.5,1.5,–,–,–,–,–,–,–,–,–,–,7.0
274,ASEP[a][p 111],15 May 2005,1200,77.6,43.3,36.5,–,–,–,–,–,–,–,–,–,–,–,–,–,–,6.8
275,Opina/Cadena SER[p 366][p 367],12 May 2005,1000,?,45.5,38.0,4.0,3.0,2.0,1.7,–,–,–,–,–,–,–,–,–,–,7.5
276,Metroscopia/ABC[a][p 368],5 May 2005,1000,70,44.3,37.3,5.0,–,–,–,–,–,–,–,–,–,–,–,–,–,7.0
277,CIS[p 369][p 370],4 May 2005,2477,?,41.2,36.6,5.2,3.1,2.1,1.6,–,–,–,–,–,–,–,–,–,–,4.6
278,GESOP/El Periódico[p 371],26 Apr 2005,1003,?,43.2,38.2,5.9,2.8,2.2,1.6,–,–,–,–,–,–,–,–,–,–,5.0
279,Opina/Cadena SER[p 372],21 Apr 2005,1000,?,43.0,38.0,5.0,3.2,1.7,1.8,–,–,–,–,–,–,–,–,–,–,5.0
280,ASEP[a][p 111],17 Apr 2005,1212,76.7,42.3,37.5,–,–,–,–,–,–,–,–,–,–,–,–,–,–,4.8
281,Celeste-Tel/La Razón[p 373][p 374][p 38],7 Apr 2005,800,?,42.3158/159,38.6152/153,5.45,3.210/11,?7/8,1.87,?3,?2/3,?1,?1,?1,–,–,–,–,–,3.7
282,ASEP[a][p 111],19 Mar 2005,1203,76.5,45.8,36.5,–,–,–,–,–,–,–,–,–,–,–,–,–,–,9.3
283,Sigma Dos/El Mundo[p 375][p 376],10 Mar 2005,800,?,43.7165,38.0149,4.54,2.78,2.69,1.57,–,–,–,–,–,–,–,–,–,–,5.7
284,Opina/Cadena SER[p 377][p 378],9 Mar 2005,1000,?,44.0,38.0,5.0,3.2,1.4,1.7,–,–,–,–,–,–,–,–,–,–,6.0
285,Opina/Cadena SER[p 379][p 380],23 Feb 2005,1000,?,44.0,39.0,4.0,3.1,2.3,1.4,–,–,–,–,–,–,–,–,–,–,5.0
286,ASEP[a][p 111],19 Feb 2005,1203,77.8,45.2,35.5,–,–,–,–,–,–,–,–,–,–,–,–,–,–,9.7
287,Noxa/La Vanguardia[p 381],10 Feb 2005,1000,?,45.3170/173,36.7138/141,5.26,3.110,2.47/8,2.18/10,?3,–,–,w.PNV,–,–,–,–,–,–,8.6
288,Opina/Cadena SER[p 382][p 383],2 Feb 2005,1000,?,45.0,38.0,4.0,2.6,2.6,1.8,–,–,–,–,–,–,–,–,–,–,7.0
289,CIS[p 384][p 385][p 376],24 Jan 2005,2495,?,42.4168,35.7144,5.47,2.910,2.37,1.56,–,–,–,–,–,–,–,–,–,–,6.7
290,GESOP/El Periódico[p 386],22 Jan 2005,1500,?,43.8,37.8,5.9,2.7,1.8,1.9,–,–,–,–,–,–,–,–,–,–,6.0
291,ASEP[a][p 111],22 Jan 2005,1212,79.3,44.7,36.4,–,–,–,–,–,–,–,–,–,–,–,–,–,–,8.3
292,Opina/Cadena SER[p 387][p 388],19 Jan 2005,?,?,45.0,37.0,4.5,2.8,2.5,1.4,–,–,–,–,–,–,–,–,–,–,8.0
293,Sigma Dos/El Mundo[p 38],5 Jan 2005,1400,?,43.1,38.2,4.9,3.0,–,1.5,–,–,–,–,–,–,–,–,–,–,4.9
294,Opina/Cadena SER[p 389][p 390],4 Jan 2005,1350,?,44.0,39.0,5.5,3.5,1.5,1.4,–,–,–,–,–,–,–,–,–,–,5.0
295,Opina/El País[p 391][p 392][p 376],16 Dec 2004,1000,?,45.0173,36.5140,4.54,3.512,2.06,1.87,–,–,–,–,–,–,–,–,–,–,8.5
296,ASEP[a][p 111],15 Dec 2004,1212,74.6,41.8,36.5,–,–,–,–,–,–,–,–,–,–,–,–,–,–,5.3
297,Opina/Cadena SER[p 393][p 394],14 Dec 2004,?,?,45.0,37.0,4.5,3.0,2.4,1.8,–,–,–,–,–,–,–,–,–,–,8.0
298,Sigma Dos/El Mundo[p 395][p 396],2 Dec 2004,1000,?,42.8,38.7,4.8,2.6,2.4,1.6,–,–,–,–,–,–,–,–,–,–,4.1
299,ASEP[a][p 111],20 Nov 2004,1206,77.2,43.2,37.7,–,–,–,–,–,–,–,–,–,–,–,–,–,–,5.5
300,Opina/Cadena SER[p 397][p 398],18 Nov 2004,?,?,45.0,38.0,4.0,3.5,2.5,1.5,–,–,–,–,–,–,–,–,–,–,7.0
301,Opina/Cadena SER[p 399][p 400],4 Nov 2004,1000,?,44.0,37.5,4.7,3.0,2.0,1.5,–,–,–,–,–,–,–,–,–,–,6.5
302,CIS[p 401][p 402],26 Oct 2004,2494,?,42.1,36.1,5.5,3.3,2.0,1.7,–,–,–,–,–,–,–,–,–,–,6.0
303,Intercampo/GETS[p 247],24 Oct 2004,?,?,40.7,36.5,5.8,3.0,–,1.6,–,–,–,–,–,–,–,–,–,–,4.2
304,Opina/Cadena SER[p 403][p 404],21 Oct 2004,1000,?,44.0,38.0,4.2,3.5,2.5,1.6,–,–,–,–,–,–,–,–,–,–,6.0
305,Gallup[p 405][p 406],21 Oct 2004,2027,78.8,43.8,36.9,4.9,3.2,2.7,1.5,–,–,–,–,–,–,–,–,–,–,6.9
306,ASEP[a][p 111],15 Oct 2004,1212,79.0,44.1,36.1,–,–,–,–,–,–,–,–,–,–,–,–,–,–,8.0
307,Opina/Cadena SER[p 407][p 408],7 Oct 2004,1000,?,45.0,38.0,4.5,2.5,2.5,1.8,–,–,–,–,–,–,–,–,–,–,7.0
308,Sigma Dos/El Mundo[p 409],7 Oct 2004,?,?,44.3,37.4,5.1,2.5,2.4,1.5,–,–,–,–,–,–,–,–,–,–,6.9
309,Celeste-Tel/La Razón[p 410][p 411][p 38],26 Sep 2004,?,73.6,42.5158/159,39.3152/153,5.05,3.410/11,2.68,?7,–,–,–,–,–,–,–,–,–,–,3.2
310,GESOP/El Periódico[p 412],24 Sep 2004,1500,?,43.6,38.3,5.7,2.8,2.1,1.7,–,–,–,–,–,–,–,–,–,–,5.3
311,Opina/El País[p 413][p 414][p 415],22 Sep 2004,1000,?,46.0,37.0,5.0,3.0,3.0,1.5,–,–,–,–,–,–,–,–,–,–,9.0
312,Gallup[p 416][p 417],21 Sep 2004,2001,78.1,43.3,37.0,5.2,2.8,2.3,1.6,–,–,–,–,–,–,–,–,–,–,6.3
313,Opina/Cadena SER[p 418][p 419],16 Sep 2004,?,?,46.0,39.0,4.0,3.0,2.5,1.5,–,–,–,–,–,–,–,–,–,–,7.0
314,ASEP[a][p 111],15 Sep 2004,1212,78.1,43.0,36.7,–,–,–,–,–,–,–,–,–,–,–,–,–,–,6.3
315,Opina/Cadena SER[p 420][p 421][p 422],2 Sep 2004,?,?,44.5,37.5,4.5,3.5,2.5,2.0,–,–,–,–,–,–,–,–,–,–,7.0
316,Gallup[p 423],26 Aug 2004,2019,78.7,43.7,37.4,4.9,2.9,2.4,1.6,–,–,–,–,–,–,–,–,–,–,6.3
317,Sigma Dos/El Mundo[p 424][p 38],25 Jul 2004,1000,?,43.8,37.1,5.3,3.4,–,1.3,–,–,–,–,–,–,–,–,–,–,6.7
318,Celeste-Tel/La Razón[p 425][p 426][p 38],21 Jul 2004,601,72.0,41.5159/160,39.9152/153,5.25,3.410/11,2.68,1.77,–,–,–,–,–,–,–,–,–,–,1.6
319,Gallup[p 427],21 Jul 2004,2019,78.2,42.0,37.8,5.4,3.1,2.5,1.5,–,–,–,–,–,–,–,–,–,–,4.2
320,CIS[p 428][p 429],16 Jul 2004,2487,68.4,44.0,36.8,5.0,2.8,2.6,1.5,–,–,–,–,–,–,–,–,–,–,7.2
321,ASEP[a][p 111],15 Jul 2004,1212,76.0,43.8,37.3,–,–,–,–,–,–,–,–,–,–,–,–,–,–,6.5
322,Vox Pública/El Periódico[p 430],30 Jun 2004,1504,?,44.2,38.7,5.7,2.5,2.0,1.3,–,–,–,–,–,–,–,–,–,–,5.5
323,Gallup[p 431][p 432],23 Jun 2004,2024,79.5,43.8,36.3,5.2,3.2,2.2,1.6,–,–,–,–,–,–,–,–,–,–,7.5
324,Opina/Cadena SER[p 433][p 434][p 435],17 Jun 2004,1000,?,45.0,37.0,4.5,3.0,2.9,1.5,–,–,–,–,–,–,–,–,–,–,8.0
325,ASEP[a][p 111],15 Jun 2004,1212,73.3,42.7,36.6,–,–,–,–,–,–,–,–,–,–,–,–,–,–,6.1
326,2004 EP election,13 Jun 2004,,45.1,43.5163,41.2157,4.13,2.49,1.85,1.67,0.63,0.92,0.20,0.41,–,0.10,0.10,–,–,–,2.3
327,Sigma Dos/El Mundo[p 436][p 91],2 Jun 2004,1000,?,42.6,37.9,5.2,–,–,–,–,–,–,–,–,–,–,–,–,–,4.7
328,Opina/El País[p 437][p 438],24 May 2004,1000,75,45.0,37.0,4.5,2.5,2.5,1.5,–,–,–,–,–,–,–,–,–,–,8.0
329,Gallup[p 439],21 May 2004,2021,79.6,44.7,35.8,5.4,3.2,2.5,1.5,–,–,–,–,–,–,–,–,–,–,8.9
330,ASEP[a][p 111],15 May 2004,1212,78.9,46.9,33.3,–,–,–,–,–,–,–,–,–,–,–,–,–,–,13.6
331,Opina/Cadena SER[p 440][p 441],13 May 2004,1000,?,47.0,37.0,4.5,3.0,–,1.0,–,–,–,–,–,–,–,–,–,–,10.0
332,CIS[p 442][p 443],27 Apr 2004,2493,77.6,45.8,35.4,4.9,2.7,2.3,1.3,–,–,–,–,–,–,–,–,–,–,10.4
333,Sigma Dos/El Mundo[p 444][p 91],26 Apr 2004,?,?,45.1,39.2,3.6,–,–,–,–,–,–,–,–,–,–,–,–,–,5.9
334,Gallup[p 445][p 446],21 Apr 2004,2019,79.9,44.1,37.0,5.0,3.2,2.4,1.5,–,–,–,–,–,–,–,–,–,–,7.1
335,ASEP[a][p 111],15 Apr 2004,1212,77.9,44.1,35.5,–,–,–,–,–,–,–,–,–,–,–,–,–,–,8.6
336,Vox Pública/El Periódico[p 447],15 Apr 2004,1501,?,45.0,36.9,5.5,2.7,2.2,1.4,–,–,–,–,–,–,–,–,–,–,8.1
337,Opina/El País[p 448][p 449],30 Mar 2004,1000,?,43.6,37.9,5.0,3.0,–,1.7,–,–,–,–,–,–,–,–,–,–,5.7
338,Opina/Cadena SER[p 450][p 451][p 452],18 Mar 2004,?,?,45.0,35.0,5.0,3.5,–,1.8,–,–,–,–,–,–,–,–,–,–,10.0
339,2004 general election,14 Mar 2004,,75.7,42.6164,37.7148,5.05,3.210,2.58,1.67,0.93,0.82,0.41,0.31,0.21,0.20,0.10,–,–,–,4.9
340,^ a b c d e f g h i j k l m n o p q r s t u v w x y z aa ab ac ad ae af ag ah ai aj ak al am an ao ap aq ar as Undecided and/or abstentionists excluded.,,,,,,,,,,,,,,,,,,,,
